ID,Глубина в метрах,Тип магнитуды,Магнитуда,Штат,Время
usp000gyu4,5000,md,2.8,New Jersey,2009-07-01T13:44:43.380Z
usp000gyxs,11500,mblg,2.8,West Virginia,2009-07-04T12:24:43.460Z
usp000gz1d,18000,md,2.1,"southern Quebec, Canada",2009-07-08T10:22:11.430Z
usp000h1sz,5000,md,2.4,New York,2009-09-23T03:45:59.900Z
usp000hab0,100,mblg,3.4,West Virginia,2010-04-04T09:19:14.000Z
usp000hgny,2300,md,2.4,West Virginia,2010-07-24T09:15:44.000Z
usp000hj7k,17000,md,2.5,West Virginia,2010-08-15T04:38:47.000Z
usp000hjhz,10700,md,2.5,West Virginia,2010-08-21T03:16:22.000Z
usp000hng7,5000,mblg,2.8,Ohio,2010-10-24T08:12:44.510Z
usp000hqs4,5000,mblg,2.7,Pennsylvania,2010-12-10T21:26:32.790Z
usp000hrxd,2000,md,2.1,"Greater New York area, New Jersey",2010-12-25T18:32:31.000Z
usp000hxng,5000,mblg,2.6,"Youngstown-Akron urban area, Ohio",2011-03-17T10:53:09.510Z
usp000hz5p,17000,md,2.4,New York,2011-04-02T23:10:13.000Z
usp000j15a,10000,ml,2.6,New York,2011-05-07T06:45:10.800Z
usp000j1a5,5000,ml,1.9,"Greater Philadelphia area, New Jersey",2011-05-10T08:19:59.270Z
usp000j7b5,5000,mblg,3.1,Ohio,2011-08-31T17:36:02.670Z
usp000j7kq,5000,mblg,2.6,Ohio,2011-09-04T13:21:59.290Z
usp000j8js,5000,mblg,2.5,"Youngstown-Akron urban area, Ohio",2011-09-26T01:06:10.840Z
usp000jryp,4300,ml,2.1,New York,2012-09-08T00:58:27.170Z
usp000jsc2,6000,ml,2.2,Potomac-Shenandoah region,2012-09-15T09:51:16.660Z
usp000jthp,18000,mblg,3,"Ontario-Quebec border region, Canada",2012-10-04T18:27:47.490Z
usp000jucw,18000,mblg,2.6,"Ontario-Quebec border region, Canada",2012-10-24T08:20:15.230Z
usp000juf3,5000,ml,2.5,New York,2012-10-26T04:34:58.460Z
usp000jv24,5000,ml,2,New Jersey,2012-11-05T06:19:11.000Z
ld60024003,10800,Ml,2.3,"1km SSW of Garden View, Pennsylvania",2013-02-19T09:53:05.200Z
ld60024103,4900,Ml,2,"3km WNW of Huntingdon, Canada",2013-02-20T09:39:05.800Z
ld60038401,12500,Ml,2,"18km WNW of Malone, New York",2013-02-26T10:31:36.000Z
ld60024403,15400,Ml,2.2,"15km SW of Altamont, New York",2013-03-07T23:12:07.100Z
ld60024703,5000,Ml,2.3,"42km NNE of Lake Pleasant, New York",2013-03-14T00:01:54.200Z
ld60024803,12800,Ml,1.6,"45km NW of Warrensburg, New York",2013-03-17T21:34:40.800Z
us2013ngal,15400,md,2.5,"15km S of Gallipolis, Ohio",2013-03-27T09:10:49.900Z
ld60025903,6800,Ml,1.9,"21km NNE of Medina, New York",2013-04-21T01:01:01.700Z
ld60026208,7100,Ml,1.5,"41km S of Lake Placid, New York",2013-05-02T09:53:37.000Z
ld60026708,9900,Ml,1.4,"5km SSE of Attica, New York",2013-05-16T14:13:34.200Z
ld60044081,5000,Ml,2.1,"2km SE of Guilford Siding, Pennsylvania",2013-07-16T03:58:11.400Z
4310521,1400,ML,2.5,WEST VIRGINIA,2013-02-19 17:24:55
usp0000gyg,5000,mb,4.7,West Virginia,1976-06-19T05:54:13.900Z
se072013a,21200,MbLg,2.7,"14km SW of Glenville, West Virginia",2013-07-20T11:38:46.200Z
ld60028803,4100,Ml,1.4,"10km ESE of Cornwall, Canada",2013-07-20T23:05:08.100Z
se073013a,12700,Md,2.8,"12km SSW of Glenville, West Virginia",2013-07-30T06:09:04.800Z
se081613a,6100,MbLg,2.6,"13km SW of Glenville, West Virginia",2013-08-16T11:02:21.000Z
ld60047501,10200,Ml,2.7,"5km NE of Hadley, New York",2013-08-25T13:33:15.100Z
ld60047561,13900,Ml,2,"26km SE of Malone, New York",2013-08-27T04:40:15.400Z
ld60030208,5000,Ml,2,"9km NE of Dundee, New York",2013-09-10T03:28:30.400Z
usb000kbcn,5700,md,2.2,"7km WSW of Flatwoods, Kentucky",2013-10-11T02:25:40.800Z
se101913a,8200,Md,2.2,"2km N of Alderson, West Virginia",2013-10-19T08:41:57.400Z
ld60031608,5000,ml,1.8,"7km ENE of Massena, New York",2013-11-10T02:32:23.200Z
ld60054666,5000,ml,1.8,"2km SE of Conestoga, Pennsylvania",2014-01-09T02:02:39.700Z
ld60033303,7500,ml,1.8,"5km SE of Canton, New York",2014-02-06T03:19:24.600Z
ld60063426,12000,ml,2.75,"18km NW of Champlain, New York",2014-02-07T15:45:06.510Z
ld60065706,5000,ml,1.75,"9km WNW of Dannemora, New York",2014-03-24T01:26:02.960Z
ld60065831,4170,ml,02.06,"19km N of Alexandria Bay, New York",2014-04-01T21:26:39.780Z
ld60034903,9410,ml,1.32,"7km NE of Massena, New York",2014-04-13T10:27:15.290Z
ld60035403,3000,ml,1.73,"2km S of Heritage Hills, New York",2014-05-12T03:44:35.810Z
ld60069171,8000,ml,1.86,"5km N of Boonton, New Jersey",2014-05-31T09:28:36.230Z
usc000rccm,29600,md,2.6,"13km NNE of Sissonville, West Virginia",2014-06-06T22:15:40.800Z
ld60072806,5000,ml,2.53,"2km ESE of Highland Falls, New York",2014-07-05T14:46:39.570Z
ld60072861,11120,ml,1.62,"3km WSW of Jersey City, New Jersey",2014-07-08T09:08:26.520Z
ld60074281,4540,ml,1.49,"27km NNE of Olcott, New York",2014-07-19T19:50:59.010Z
ld60074876,7000,ml,1.56,"15km NW of Hadley, New York",2014-07-24T15:25:16.800Z
ld60078011,5000,ml,1.79,"4km WSW of Fonda, New York",2014-08-23T04:55:14.760Z
ld60078511,2560,ml,2.14,"1km WSW of Bolindale, Ohio",2014-08-31T21:34:10.940Z
ld60078891,13870,ml,1.27,"1km NNE of Hillsdale, New Jersey",2014-09-03T10:47:13.580Z
ld60038803,4430,ml,1.7,"9km NNE of Medina, New York",2014-11-08T00:11:20.290Z
ld60084066,6430,ml,1.62,"21km NW of Warrensburg, New York",2014-11-13T03:30:08.320Z
ld60084601,8960,ml,1.51,"6km W of South Lockport, New York",2014-11-29T23:27:20.710Z
ld60039103,5000,ml,2.26,"29km SE of Toronto, Canada",2014-11-30T09:32:24.830Z
ld60042808,16070,ml,2.14,"3km SSW of Huntingdon, Canada",2015-05-23T20:22:08.740Z
4369548,1000,ML,2.3,WEST VIRGINIA,2013-05-25 19:40:31
4815596,13200,ML,1.8,NEW YORK,2014-06-09 16:58:19
4372707,800,ML,2.2,NEW YORK,2013-07-29 19:33:27
4374136,500,ML,2.9,WEST VIRGINIA,2013-09-10 22:30:25
4225371,1300,ML,2.7,WEST VIRGINIA,2013-03-07 20:23:07
4310595,500,ML,2.8,WEST VIRGINIA,2013-02-26 21:31:12
usp0000quc,3000,,3.1,New York,1977-09-28T17:21:44.700Z
usp0000txk,11000,,2.6,New York,1978-04-05T14:45:49.500Z
usp0000u9r,15000,,3.1,Potomac-Shenandoah region,1978-04-26T19:30:23.300Z
usp000ea6t,8000,ml,0.9,New Jersey,2006-02-17T00:00:30.430Z
usp000g042,6000,md,2.7,New York,2008-02-27T07:56:18.000Z
usp000jgne,2000,ml,2.5,New York,2012-03-23T02:37:22.090Z
ld60041203,2000,ml,2.73,"3km WSW of Exton, Pennsylvania",2015-01-25T23:25:10.360Z
ld60096111,6230,ml,1.24,"1km N of Wanaque, New Jersey",2015-07-12T04:05:55.340Z
ld60084261,2010,ml,1.7,"0km SE of Byram, Connecticut",2014-11-20T07:18:32.490Z
usp0007s23,5000,mblg,2.6,Pennsylvania,1996-10-28T06:59:38.940Z
usp000fa43,7000,mblg,2.1,Pennsylvania,2007-04-20T01:42:11.950Z
ld60093131,3320,ml,2.27,"19km NNW of Youngstown, New York",2015-05-27T03:56:13.000Z
ld60043003,14470,ml,1.33,"35km E of Carthage, New York",2015-06-01T08:31:29.010Z
ld60096256,17180,ml,02.07,"6km NNE of Ormstown, Canada",2015-07-13T19:27:27.120Z
ld60097401,5270,ml,1.34,"16km WSW of Peru, New York",2015-07-27T15:25:07.770Z
ld60098866,1300,ml,1.54,"11km NNW of Susquehanna Trails, Pennsylvania",2015-08-14T02:16:21.210Z
ld60100581,7910,ml,1.39,"2km WNW of Fairfield, New Jersey",2015-08-22T19:16:58.650Z
4310999,17100,ML,2.3,WEST VIRGINIA,2013-04-19 1:27:01
usp0000bd0,10000,lg,4.2,New York,1975-06-09T18:39:23.300Z
4766676,200,ML,2.2,WEST VIRGINIA,2014-03-05 21:16:34
4371887,400,ML,2.6,WEST VIRGINIA,2013-08-08 13:13:36
4223501,12600,ML,2.5,WEST VIRGINIA,2013-01-19 21:04:56
4766866,4200,ML,1.4,WEST VIRGINIA,2014-03-19 16:03:17
4369356,1200,ML,2.3,NEW YORK,2013-05-17 20:00:18
4369414,1200,ML,2.2,WEST VIRGINIA,2013-05-20 20:33:19
4094794,1400,ML,2.6,WEST VIRGINIA,2012-06-14 21:17:34
4309659,1300,ML,2.5,WEST VIRGINIA,2012-11-30 17:05:41
usp0000c1u,3000,lg,2.3,New York,1975-07-19T20:59:32.200Z
usp0000d97,3000,lg,2.2,New York,1975-10-24T07:43:12.400Z
usp0001eh9,16000,mblg,3,"Ontario-Quebec border region, Canada",1981-07-04T23:19:17.500Z
usp0001ehw,16000,mblg,3.3,"Ontario-Quebec border region, Canada",1981-07-05T21:47:23.900Z
usp000310x,4900,md,1.9,New York,1986-12-20T13:15:31.040Z
usp00036be,5200,mblg,2.9,New York,1987-07-05T02:37:09.300Z
usp00036mg,5000,mb,3.5,Ohio,1987-07-13T05:49:17.430Z
usp00036pe,5000,mblg,2.7,Ohio,1987-07-16T04:49:40.000Z
usp0005shd,5000,mblg,2.8,Pennsylvania,1993-05-10T09:15:08.600Z
usp0005sk2,5000,mblg,2,Pennsylvania,1993-05-11T02:36:16.200Z
usp0005sk3,5000,mblg,2.3,Pennsylvania,1993-05-11T02:41:47.600Z
usp00083k3,5000,md,2.2,Pennsylvania,1997-06-16T05:43:16.630Z
usp00084ng,18000,mblg,2.9,"Ontario-Quebec border region, Canada",1997-07-10T13:57:51.000Z
usp00085m9,5000,mblg,3.2,New York,1997-07-31T07:15:29.720Z
usp00088x1,14000,md,2.9,New York,1997-10-12T08:28:22.350Z
usp0008902,4200,md,3,New York,1997-10-13T23:06:40.210Z
usp0008vh3,5000,mwc,4.5,Pennsylvania,1998-09-25T19:52:52.070Z
usp000945g,10200,md,2.9,New York,1999-03-09T12:07:05.000Z
usp0009rd3,6000,md,2.3,New York,2000-04-16T18:59:12.990Z
usp0009rkd,5000,ml,3.8,New York,2000-04-20T08:46:55.470Z
usp0009yy7,6700,md,2.6,New York,2000-08-22T05:45:14.000Z
usp000ea6r,8000,ml,2.6,New Jersey,2006-02-16T23:43:22.900Z
usp000eepu,2000,md,1,Pennsylvania,2006-04-16T17:29:12.350Z
usp000euv8,8000,mblg,2.9,Vermont,2006-10-10T06:20:28.720Z
usp000drys,10000,md,2.5,New York,2005-05-31T13:49:05.300Z
usp000e38n,2800,ml,2.6,New York,2005-10-31T23:59:29.950Z
usp000e5u6,4700,ml,2.1,"Greater New York area, New Jersey",2005-12-09T03:35:46.650Z
usp000e7xf,15000,mwr,3.5,"southern Quebec, Canada",2006-01-09T15:35:39.950Z
4225344,1300,ML,2.3,WEST VIRGINIA,2013-03-05 22:28:50
3372376,7000,ML,4,WEST VIRGINIA,2011-07-22 23:02:39
usp00036mh,5000,mblg,3,Ohio,1987-07-13T07:52:12.000Z
usp00036mn,5000,mblg,2.9,Ohio,1987-07-13T13:05:22.000Z
usp00036nf,5000,mblg,2.8,Ohio,1987-07-14T14:51:10.000Z
4369310,1100,ML,2.4,WEST VIRGINIA,2013-05-15 19:53:56
usp000a1aw,5000,mblg,2,Pennsylvania,2000-10-05T23:33:56.380Z
usp000a1br,18000,mblg,3.8,"Ontario-Quebec border region, Canada",2000-10-06T13:59:04.000Z
usp000c97z,3100,mblg,2.4,New Jersey,2003-10-01T08:07:57.400Z
usp000ajhr,7000,md,1.9,"Greater New York area, New Jersey",2001-07-14T20:08:29.390Z
usp000arqa,5000,md,2.6,New York,2001-10-27T05:42:20.950Z
usp000azmy,6000,md,1.1,New York,2002-03-05T01:33:52.000Z
usp000b2u2,11000,mwc,5.2,New York,2002-04-20T10:50:47.500Z
usp000b2u3,5000,ml,3.7,New York,2002-04-20T11:04:42.400Z
usp000b2u4,5000,md,1.7,New York,2002-04-20T11:08:26.000Z
4808482,1800,ML,2.4,WEST VIRGINIA,2014-05-13 0:13:31
usp000h74j,7000,md,2.2,"Greater New York area, New Jersey",2010-02-10T01:17:31.070Z
usp000h37g,7000,ml,2.9,New York,2009-10-21T01:32:43.220Z
usp000h3d2,500,md,2.6,Pennsylvania,2009-10-25T11:16:13.750Z
usp000h3d3,500,md,2.8,Pennsylvania,2009-10-25T11:21:57.900Z
4766967,1100,ML,1.9,PENNSYLVANIA,2014-03-25 18:02:11
usp000h50u,10000,md,2.6,New York,2009-12-13T21:10:48.810Z
usp000h50y,10000,md,3.1,New York,2009-12-13T22:00:50.540Z
usp000h574,3000,md,2.3,Pennsylvania,2009-12-20T05:36:12.200Z
usp000h58m,8000,md,2.7,New York,2009-12-21T23:26:31.290Z
usp000h6v3,18000,mblg,2.8,"southern Quebec, Canada",2010-02-01T17:18:06.700Z
usp000h7b2,20000,md,2.2,New York,2010-02-15T08:46:25.700Z
usp000h7dw,19000,md,2.7,New York,2010-02-18T07:32:55.900Z
usp000h9x6,14000,ml,2.7,New York,2010-03-24T02:25:40.000Z
4225430,200,ML,2.5,WEST VIRGINIA,2013-03-11 21:01:41
4815624,5900,ML,2.5,WEST VIRGINIA,2014-06-11 20:39:26
4369514,100,ML,2.5,WEST VIRGINIA,2013-05-24 16:26:46
ld60042903,5000,ml,1.28,"32km NW of Warrensburg, New York",2015-05-25T07:17:43.520Z
ld60084971,5000,ml,1.92,"8km W of Vista Center, New Jersey",2014-12-13T12:13:36.690Z
ld60040103,7370,ml,1.46,"39km SE of Tupper Lake, New York",2014-12-23T11:40:02.470Z
se610692,5700,md,2.1,"8km S of Greenup, Kentucky",2014-12-28T12:40:32.400Z
ld60085406,4210,ml,1.51,"1km SSW of Clifton, New Jersey",2014-12-28T14:19:18.160Z
ld60085511,5000,ml,1.73,"25km N of Olcott, New York",2014-12-31T20:38:07.590Z
ld60085806,3560,ml,1.87,"7km SE of Dannemora, New York",2015-01-11T15:54:57.820Z
ld60086101,5000,ml,2.43,"8km SSW of Salaberry-de-Valleyfield, Canada",2015-01-19T16:35:14.690Z
ld60086106,8940,ml,1.61,"6km SW of Salaberry-de-Valleyfield, Canada",2015-01-19T19:39:10.990Z
ld60087331,5000,ml,2.2,"12km NNW of Tupper Lake, New York",2015-02-26T01:11:46.470Z
ld60087406,12890,ml,1.55,"11km S of Sainte-Martine, Canada",2015-03-02T00:54:24.010Z
ld60088471,4660,ml,1.23,"1km SSW of Clifton, New Jersey",2015-03-27T20:19:44.180Z
ld60089306,14420,ml,1.81,"27km ENE of Carthage, New York",2015-04-08T14:27:17.640Z
ld60089966,11420,ml,02.07,"9km E of Ormstown, Canada",2015-04-17T00:53:48.320Z
ld60091441,5000,ml,1.78,"13km W of Norwood, New York",2015-05-08T01:47:17.190Z
ld60042703,5000,ml,1.84,"9km NE of Medina, New York",2015-05-18T23:08:25.880Z
ld60092906,10780,ml,2.28,"4km SW of Huntingdon, Canada",2015-05-23T20:21:59.300Z
5005268,16300,ML,1.9,"SOUTHERN QUEBEC, CANADA",2014-09-08 16:23:16
5007448,17400,ML,2.4,WEST VIRGINIA,2014-10-01 20:11:02
5007491,7700,ML,2.1,PENNSYLVANIA,2014-10-07 18:46:32
5007504,4300,ML,2.2,WEST VIRGINIA,2014-10-09 14:33:47
5007507,5300,ML,2.2,WEST VIRGINIA,2014-10-09 20:07:24
5007526,14900,ML,2.3,PENNSYLVANIA,2014-10-13 18:55:14
usp0000vcp,5000,,2.9,"Greater New York area, New Jersey",1978-06-30T20:13:43.600Z
usp000g1gx,7000,md,1.9,New York,2008-03-15T01:18:44.000Z
4766937,700,ML,2.3,WEST VIRGINIA,2014-03-22 22:33:45
4223486,1500,ML,3,WEST VIRGINIA,2013-01-18 21:21:32
4223560,1200,ML,3,WEST VIRGINIA,2013-01-23 21:39:03
4225494,1500,ML,2.3,WEST VIRGINIA,2013-03-15 21:14:01
4310968,1400,ML,2.3,NEW YORK,2013-04-17 15:50:33
4369614,1300,ML,2.3,WEST VIRGINIA,2013-05-31 15:14:44
4813106,500,ML,1.9,NEW JERSEY,2014-04-29 17:00:02
4766981,600,ML,2.4,WEST VIRGINIA,2014-03-26 20:25:35
4808381,800,ML,2.4,WEST VIRGINIA,2014-05-02 17:26:41
4223538,11100,ML,2.9,WEST VIRGINIA,2013-01-22 21:58:44
4223555,4500,ML,2.6,WEST VIRGINIA,2013-01-23 21:04:30
4213040,700,ML,3,WEST VIRGINIA,2012-07-27 21:53:44
4820748,9400,ML,1.8,PENNSYLVANIA,2014-07-22 15:35:03
4820582,600,ML,2.3,WEST VIRGINIA,2014-07-07 21:25:42
4374037,300,ML,2.5,WEST VIRGINIA,2013-09-04 21:48:20
4820598,1300,ML,2.4,WEST VIRGINIA,2014-07-08 21:13:12
5005221,1400,ML,2.5,WEST VIRGINIA,2014-09-03 19:59:52
5005409,1500,ML,2.6,WEST VIRGINIA,2014-09-18 19:16:25
usp0000vcq,6000,,2.2,"Greater New York area, New Jersey",1978-06-30T22:39:49.700Z
usp0000vkq,5000,,3.1,Pennsylvania,1978-07-16T06:39:37.800Z
usp0000w56,1000,,3.1,New York,1978-08-21T08:47:10.900Z
usp0000ww6,5000,,3,Pennsylvania,1978-10-06T19:25:41.600Z
4372556,2700,ML,2.3,WEST VIRGINIA,2013-07-12 22:12:39
4372452,7800,ML,2,WEST VIRGINIA,2013-07-04 19:53:09
4372580,9000,ML,2.1,WEST VIRGINIA,2013-07-15 21:34:21
4372531,5600,ML,2.4,WEST VIRGINIA,2013-07-11 16:37:57
4374361,800,ML,2.3,WEST VIRGINIA,2013-09-23 20:47:51
5111751,1500,ML,2.5,PENNSYLVANIA,2015-01-22 20:50:35
usp0000yn5,9000,,2.5,Vermont,1979-01-29T06:35:46.200Z
usp0000ynj,5000,,3.5,New Jersey,1979-01-30T16:30:52.100Z
4374090,300,ML,2.1,WEST VIRGINIA,2013-09-07 20:52:09
4488583,5800,ML,1.8,WEST VIRGINIA,2013-10-17 16:07:02
4488652,7600,ML,2.2,WEST VIRGINIA,2013-10-22 19:57:00
usp0000yz8,13000,,2.9,New Jersey,1979-02-23T10:23:57.200Z
usp00013xp,10000,,3.6,eastern Kentucky,1979-11-09T21:29:59.100Z
5113619,1200,ML,2.7,WEST VIRGINIA,2015-02-27 20:48:10
usp00014sp,5000,md,2.5,New York,1979-12-30T14:15:11.600Z
4813091,500,ML,2.4,WEST VIRGINIA,2014-04-25 20:54:14
usp000151t,3000,,2.9,New York,1980-01-17T10:13:16.100Z
usp00015um,5000,,3.5,"Greater Philadelphia area, Pennsylvania",1980-03-05T17:06:54.500Z
usp00015yh,5000,,3.7,"Greater Philadelphia area, Pennsylvania",1980-03-11T06:00:26.000Z
4374455,1000,ML,2.3,WEST VIRGINIA,2013-09-28 22:44:24
5115005,1200,ML,2.3,WEST VIRGINIA,2015-03-21 17:54:53
4808558,200,ML,2.7,WEST VIRGINIA,2014-05-20 21:44:47
5006097,700,ML,2.5,WEST VIRGINIA,2014-08-05 20:15:18
4372512,300,ML,2.3,WEST VIRGINIA,2013-07-10 16:42:17
5005367,300,ML,2.2,WEST VIRGINIA,2014-09-15 19:50:11
4815672,400,ML,2.8,WEST VIRGINIA,2014-06-18 16:17:56
5110275,300,ML,2.4,WEST VIRGINIA,2014-11-06 19:50:45
4820523,200,ML,1.8,NEW JERSEY,2014-07-01 19:00:02
4820574,100,ML,2.2,WEST VIRGINIA,2014-07-07 16:46:10
5110346,300,ML,2.2,WEST VIRGINIA,2014-11-13 14:59:33
4820847,400,ML,2.3,WEST VIRGINIA,2014-07-31 15:09:28
usp0001h3y,10000,ml,2.1,Virginia,1981-11-23T13:14:50.990Z
usp0001yuv,12500,mb,5.1,New York,1983-10-07T10:18:46.150Z
4487878,2500,ML,2.8,WEST VIRGINIA,2013-11-02 15:38:45
5115002,200,ML,2.6,WEST VIRGINIA,2015-03-20 20:17:42
5007462,2000,ML,2,PENNSYLVANIA,2014-10-03 16:42:34
4217775,1600,ML,2.2,WEST VIRGINIA,2012-09-24 21:18:23
4223528,1800,ML,2.3,WEST VIRGINIA,2013-01-22 14:08:20
4372033,1600,ML,2,WEST VIRGINIA,2013-08-16 19:24:32
4766657,1800,ML,2.2,WEST VIRGINIA,2014-03-04 21:25:32
4371971,2300,ML,2.1,WEST VIRGINIA,2013-08-13 21:50:57
5006208,8700,ML,2.6,PENNSYLVANIA,2014-08-19 18:48:07
4813013,7100,ML,2.2,PENNSYLVANIA,2014-04-14 18:54:51
4813056,3200,ML,2.3,WEST VIRGINIA,2014-04-21 20:11:10
4813068,21400,ML,1.9,NEW YORK,2014-04-23 18:48:45
4219251,25700,ML,2.3,WEST VIRGINIA,2012-10-30 22:06:22
4223554,11100,ML,2.5,WEST VIRGINIA,2013-01-23 21:02:06
usp00066h6,5000,mb,4.6,Pennsylvania,1994-01-16T01:49:16.210Z
usp00066hb,5000,mblg,2.9,Pennsylvania,1994-01-16T05:14:32.300Z
usp00066s2,5000,mblg,2.6,Pennsylvania,1994-01-18T01:43:31.810Z
usp0006c78,5000,mblg,2.5,Pennsylvania,1994-05-07T05:31:35.970Z
usp0006crb,5000,md,2.4,Pennsylvania,1994-05-18T05:18:55.000Z
4370051,12200,ML,2.7,WEST VIRGINIA,2013-06-29 15:39:19
4310565,12700,ML,2.6,WEST VIRGINIA,2013-02-23 19:16:25
4310566,14900,ML,2.5,WEST VIRGINIA,2013-02-23 19:54:27
4225399,3600,ML,2.3,WEST VIRGINIA,2013-03-09 18:44:33
4225406,5000,ML,2.1,WEST VIRGINIA,2013-03-09 21:01:39
4225508,14400,ML,2.5,WEST VIRGINIA,2013-03-16 13:56:31
4223602,14200,ML,2.7,WEST VIRGINIA,2013-01-25 22:04:56
4223630,7600,ML,2.2,WEST VIRGINIA,2013-01-28 21:40:14
4369858,3500,ML,2.3,WEST VIRGINIA,2013-06-12 16:46:29
4369291,3000,ML,2.4,WEST VIRGINIA,2013-05-14 20:05:39
4369307,8500,ML,2.9,WEST VIRGINIA,2013-05-15 16:46:49
4369313,2600,ML,2.5,WEST VIRGINIA,2013-05-15 20:39:50
4369336,5400,ML,2.4,WEST VIRGINIA,2013-05-16 21:36:34
4369361,6300,ML,2.6,WEST VIRGINIA,2013-05-17 20:45:05
4371933,8700,ML,2.2,WEST VIRGINIA,2013-08-10 17:49:19
4372054,13800,ML,2.4,WEST VIRGINIA,2013-08-17 17:32:43
4311114,8700,ML,2.4,WEST VIRGINIA,2013-04-29 14:31:45
4311127,11500,ML,2.5,WEST VIRGINIA,2013-04-29 19:55:33
4488753,12100,ML,1.7,NEW YORK,2013-10-31 15:50:03
4766624,3700,ML,1.8,WEST VIRGINIA,2014-03-01 17:22:37
4488758,3600,ML,2.2,WEST VIRGINIA,2013-10-31 18:42:40
4487855,14900,ML,2.1,VIRGINIA,2013-11-01 14:24:57
4487909,8900,ML,2.6,WEST VIRGINIA,2013-11-04 21:04:31
4488015,7700,ML,2.4,NEW YORK,2013-11-12 16:20:55
4488045,14000,ML,1.8,NEW YORK,2013-11-14 17:03:44
4488072,5000,ML,2.5,WEST VIRGINIA,2013-11-15 22:00:39
4812972,8600,ML,1.8,NEW YORK,2014-04-09 17:40:04
4766626,1900,ML,2,WEST VIRGINIA,2014-03-01 18:21:08
4808397,7100,ML,2.2,WEST VIRGINIA,2014-05-03 17:50:47
4374212,4100,ML,2.2,WEST VIRGINIA,2013-09-14 17:40:21
4815584,6400,ML,2.8,WEST VIRGINIA,2014-06-07 20:36:11
4813021,9100,ML,2.4,WEST VIRGINIA,2014-04-15 19:55:41
4813028,6000,ML,2.2,VIRGINIA,2014-04-16 17:50:25
4808376,14900,ML,2.2,NEW YORK,2014-05-02 15:45:12
4808380,11900,ML,2.4,WEST VIRGINIA,2014-05-02 17:21:11
4212980,3100,ML,2.6,WEST VIRGINIA,2012-07-21 18:42:08
4369378,400,ML,1.9,WEST VIRGINIA,2013-05-18 16:52:04
5110442,6400,ML,2.4,OHIO,2014-11-22 17:30:14
4225515,14900,ML,2.5,WEST VIRGINIA,2013-03-16 18:17:33
4311011,5000,ML,2.3,WEST VIRGINIA,2013-04-20 11:57:37
4311100,8400,ML,2.4,WEST VIRGINIA,2013-04-27 14:12:05
4225567,13800,ML,2.7,WEST VIRGINIA,2013-03-20 20:18:59
4488391,9500,ML,2.1,WEST VIRGINIA,2013-10-04 20:38:16
4808583,12900,ML,1.8,NEW YORK,2014-05-23 18:02:30
4372113,6900,ML,2.1,WEST VIRGINIA,2013-08-20 22:20:01
4374074,1000,ML,2.3,WEST VIRGINIA,2013-09-06 21:09:56
5005312,1400,ML,1.9,WEST VIRGINIA,2014-09-11 22:38:46
4374116,8900,ML,2.5,WEST VIRGINIA,2013-09-09 21:32:11
4599455,2100,ML,2.2,WEST VIRGINIA,2013-12-10 19:32:40
4599469,11500,ML,2.3,WEST VIRGINIA,2013-12-12 15:20:32
4372061,8900,ML,2.1,WEST VIRGINIA,2013-08-17 22:42:06
4094911,10800,ML,2.5,WEST VIRGINIA,2012-06-23 12:25:49
4599470,7200,ML,2.4,WEST VIRGINIA,2013-12-12 18:04:22
ld60036003,8730,ml,1.44,"8km SSW of Huntingdon, Canada",2014-06-03T08:29:12.280Z
5111683,200,ML,2.4,WEST VIRGINIA,2015-01-13 21:15:50
4310550,700,ML,2.5,WEST VIRGINIA,2013-02-21 23:12:44
4599524,12900,ML,2.2,WEST VIRGINIA,2013-12-18 15:36:51
4599538,11100,ML,2.2,NEW YORK,2013-12-19 21:22:41
4310559,100,ML,2.6,WEST VIRGINIA,2013-02-22 21:43:20
4225377,400,ML,2.7,WEST VIRGINIA,2013-03-07 22:00:12
4310609,500,ML,2.5,WEST VIRGINIA,2013-02-27 20:23:48
4221054,1300,ML,3,WEST VIRGINIA,2012-12-19 21:32:05
4225431,200,ML,2.6,WEST VIRGINIA,2013-03-11 21:09:26
4225538,400,ML,2.5,WEST VIRGINIA,2013-03-18 21:12:22
4599549,8500,ML,2.4,WEST VIRGINIA,2013-12-20 21:36:42
4217652,2300,ML,2.5,WEST VIRGINIA,2012-09-10 20:14:26
4369911,700,ML,2.5,WEST VIRGINIA,2013-06-18 16:53:13
4767015,1700,ML,2.6,WEST VIRGINIA,2014-03-28 20:05:59
5115020,100,ML,1.8,WEST VIRGINIA,2015-03-25 20:01:32
5153967,300,ML,2.4,PENNSYLVANIA,2015-05-22 17:16:24
4820691,1400,ML,2.3,WEST VIRGINIA,2014-07-16 20:59:24
4820784,1400,ML,2.1,NEW YORK,2014-07-25 16:29:12
4374405,500,ML,2.9,PENNSYLVANIA,2013-09-25 20:59:45
4374420,400,ML,2,NEW JERSEY,2013-09-26 17:31:04
4815657,700,ML,2.3,WEST VIRGINIA,2014-06-16 21:13:00
4310476,2000,ML,2.3,WEST VIRGINIA,2013-02-15 20:09:45
4310562,1400,ML,2.7,WEST VIRGINIA,2013-02-22 22:13:10
4369781,1300,ML,2.2,WEST VIRGINIA,2013-06-05 20:36:11
4371761,1300,ML,2.6,WEST VIRGINIA,2013-08-01 19:57:57
4371906,1400,ML,2.5,WEST VIRGINIA,2013-08-08 20:53:45
4310444,11200,ML,2.5,WEST VIRGINIA,2013-02-13 20:18:41
4310453,11200,ML,2.7,WEST VIRGINIA,2013-02-14 15:43:58
5005240,14600,ML,1.7,NEW YORK,2014-09-05 15:29:50
5005265,13900,ML,1.6,NEW YORK,2014-09-08 15:47:18
4638460,900,ML,2.1,WEST VIRGINIA,2014-01-21 22:09:38
4766652,900,ML,2.2,PENNSYLVANIA,2014-03-04 19:27:26
4488018,400,ML,2.8,PENNSYLVANIA,2013-11-12 19:37:16
5111698,7500,ML,2.5,WEST VIRGINIA,2015-01-15 20:44:55
5111714,4800,ML,2.2,PENNSYLVANIA,2015-01-19 17:32:29
4310381,3300,ML,2.3,WEST VIRGINIA,2013-02-07 22:14:29
4310378,3600,ML,2.4,WEST VIRGINIA,2013-02-07 21:44:25
5111712,4100,ML,2.5,WEST VIRGINIA,2015-01-17 20:58:19
4310400,9500,ML,2.4,WEST VIRGINIA,2013-02-09 18:49:03
5110414,1200,ML,2,WEST VIRGINIA,2014-11-19 20:48:09
4310393,8600,ML,2.7,WEST VIRGINIA,2013-02-08 21:26:51
4213014,600,ML,2.9,WEST VIRGINIA,2012-07-25 20:22:37
4213038,200,ML,2.6,WEST VIRGINIA,2012-07-27 20:48:31
4213775,800,ML,2.7,WEST VIRGINIA,2012-08-08 15:50:29
4214020,100,ML,2.8,WEST VIRGINIA,2012-08-27 20:12:26
4310396,15800,ML,2.7,WEST VIRGINIA,2013-02-08 23:35:13
usp00017zn,1000,lg,3.5,New York,1980-06-06T13:15:52.000Z
4217809,900,ML,2.5,WEST VIRGINIA,2012-09-27 18:58:28
usp0001ap5,4000,,2.8,Virginia,1980-11-05T21:48:14.700Z
4374428,700,ML,2,PENNSYLVANIA,2013-09-27 13:38:44
4094636,100,ML,3,WEST VIRGINIA,2012-06-04 20:05:54
4225274,11600,ML,2.5,WEST VIRGINIA,2013-03-01 20:39:41
4767699,4500,ML,2,PENNSYLVANIA,2014-02-03 20:24:42
4638533,4100,ML,2.1,WEST VIRGINIA,2014-01-28 16:09:59
4218994,500,ML,2.9,WEST VIRGINIA,2012-10-05 18:35:14
4767771,14000,ML,2.3,NEW YORK,2014-02-12 21:22:39
usp0001eh8,16000,mblg,3.5,"Ontario-Quebec border region, Canada",1981-07-04T23:16:33.000Z
usp000gjf0,2000,md,2,Pennsylvania,2008-10-05T22:36:48.140Z
usp0001ejz,16000,mblg,2.9,"Ontario-Quebec border region, Canada",1981-07-07T23:59:59.750Z
usp0001kpb,5000,mblg,2.8,"Greater Philadelphia area, New Jersey",1982-04-12T22:14:31.050Z
usp0001pbm,4200,md,2.7,New York,1982-08-31T10:16:58.180Z
usp0001tbn,7000,md,3,New York,1983-02-26T19:59:35.450Z
usp0001xr6,11900,mblg,3.5,eastern Kentucky,1983-08-17T14:03:15.020Z
usp0001yuw,8000,mblg,3.5,New York,1983-10-07T10:39:38.550Z
usp0001yux,8000,mblg,2.9,New York,1983-10-07T10:59:03.850Z
usp0001yxk,7900,mblg,2.8,New York,1983-10-12T02:17:06.310Z
usp00020en,5000,mblg,2,Pennsylvania,1983-12-12T05:15:09.500Z
usp00020pq,11000,mblg,3.1,"southern Quebec, Canada",1983-12-21T15:04:44.000Z
usp00021d2,5000,md,2.4,"Wilmington urban area, Delaware",1984-01-19T23:03:34.060Z
usp00023nz,5000,mblg,3,Pennsylvania,1984-04-19T04:54:58.380Z
usp00023tg,5000,mb,4.2,Pennsylvania,1984-04-23T01:36:00.170Z
usp00026jj,12000,mblg,3.2,New York,1984-08-20T10:58:16.680Z
usp00028dt,1000,md,3.4,New York,1984-10-23T06:26:21.530Z
4638535,11800,ML,2.2,WEST VIRGINIA,2014-01-28 20:55:44
4813090,11400,ML,1.8,WEST VIRGINIA,2014-04-25 19:42:10
4813114,11900,ML,2.2,NEW YORK,2014-04-30 19:19:11
5006090,15800,ML,1.9,NEW YORK,2014-08-04 18:41:34
5006100,2200,ML,2,WEST VIRGINIA,2014-08-06 16:00:35
5007456,8500,ML,2.4,WEST VIRGINIA,2014-10-02 20:50:51
4638527,3300,ML,2.4,WEST VIRGINIA,2014-01-27 21:03:51
4638452,8800,ML,2.7,WEST VIRGINIA,2014-01-21 19:17:40
4766677,4200,ML,2.4,WEST VIRGINIA,2014-03-05 21:42:09
4766764,12900,ML,2.4,PENNSYLVANIA,2014-03-11 20:46:52
4766773,18200,ML,2.3,NEW YORK,2014-03-12 17:06:49
4766832,13700,ML,2.4,WEST VIRGINIA,2014-03-17 14:12:17
4487908,8600,ML,2.3,NEW YORK,2013-11-04 20:15:43
4812969,7500,ML,2.4,WEST VIRGINIA,2014-04-08 20:46:30
4767891,9300,ML,1.6,WEST VIRGINIA,2014-02-28 17:23:09
4808552,13200,ML,2.4,WEST VIRGINIA,2014-05-20 20:06:45
4815544,16300,ML,2,NEW YORK,2014-06-03 16:41:46
4815560,7600,ML,2.3,NEW YORK,2014-06-05 15:33:01
4815564,6300,ML,1.4,CHESAPEAKE BAY REGION,2014-06-05 20:30:50
4815609,13400,ML,2.5,PENNSYLVANIA,2014-06-10 17:52:16
4820576,3900,ML,1.8,CHESAPEAKE BAY REGION,2014-07-07 18:58:10
4820577,7600,ML,2.4,WEST VIRGINIA,2014-07-07 19:09:31
4213919,200,ML,3,WEST VIRGINIA,2012-08-21 20:35:09
4309549,1400,ML,2.5,WEST VIRGINIA,2012-11-15 20:17:36
usp0002kxt,6000,mb,3.6,New York,1985-10-19T10:07:40.300Z
usp0002kzz,5000,ml,2.8,New York,1985-10-21T10:37:15.000Z
usp0002m9v,5000,mblg,2.7,New York,1985-10-30T03:42:48.690Z
usp0002mcq,5000,mblg,3.3,"southern Quebec, Canada",1985-11-01T23:33:39.000Z
usp0002psa,5200,ml,1.8,New York,1986-01-05T03:35:56.400Z
usp0002saf,11800,md,2.9,West Virginia,1986-03-26T16:36:23.900Z
usp0002t3q,6100,md,2.7,New York,1986-04-22T07:28:23.760Z
usp0002ter,5000,md,2.5,Pennsylvania,1986-05-02T13:53:52.620Z
usp000bvkj,7000,md,2.3,New York,2003-04-20T12:24:43.790Z
usp0002x3n,24000,md,3.4,"Ontario-Quebec border region, Canada",1986-08-13T04:55:18.400Z
usp0002x3p,17500,md,2.4,"Ontario-Quebec border region, Canada",1986-08-13T05:06:30.950Z
usp0002x3v,23000,md,2.3,"Ontario-Quebec border region, Canada",1986-08-13T10:29:24.700Z
usp00030be,7400,md,2.8,New Jersey,1986-11-23T21:29:38.830Z
4820592,14500,ML,2.5,WEST VIRGINIA,2014-07-08 19:39:05
4815705,8400,ML,2.3,WEST VIRGINIA,2014-06-20 16:57:08
4372494,1000,ML,2.1,WEST VIRGINIA,2013-07-09 12:13:08
4815774,5800,ML,1.6,CHESAPEAKE BAY REGION,2014-06-27 17:30:34
4310297,2300,ML,2.3,WEST VIRGINIA,2013-02-01 21:47:24
4310324,7300,ML,2.7,WEST VIRGINIA,2013-02-04 21:02:19
4310350,7700,ML,2.4,WEST VIRGINIA,2013-02-06 16:32:15
4310357,8000,ML,2.5,WEST VIRGINIA,2013-02-06 21:00:17
4310358,4600,ML,2.2,WEST VIRGINIA,2013-02-06 21:04:56
usp00038r8,10000,mblg,3.8,New York,1987-09-26T17:44:06.970Z
usp0003jta,10000,mblg,3.5,New York,1988-08-09T13:57:26.980Z
usp000447m,5000,md,2.6,Chesapeake Bay region,1990-01-13T20:47:55.330Z
usp0004j8f,5000,mblg,2.5,Pennsylvania,1990-12-17T07:22:48.500Z
usp0004q85,9400,md,2.7,New York,1991-04-12T11:12:11.620Z
usp0004qn8,14700,mblg,3.5,West Virginia,1991-04-22T01:01:20.270Z
usp0004t2k,5000,mb,4,New York,1991-06-17T08:53:16.740Z
usp0004thc,5000,mblg,3.2,West Virginia,1991-06-28T18:34:51.920Z
usp0004tt6,18000,mblg,3.8,"southern Quebec, Canada",1991-07-05T01:47:36.700Z
usp0004x5n,5000,mblg,2.4,Chesapeake Bay region,1991-09-28T11:27:34.870Z
usp0004x6w,5000,md,2.2,"Greater Philadelphia area, New Jersey",1991-09-29T12:21:35.000Z
usp0004yhu,10000,mblg,3,New York,1991-10-28T20:58:26.100Z
usp00051k3,7900,md,3.1,New Jersey,1992-01-09T08:50:45.220Z
usp00051u7,7000,md,2.5,New York,1992-01-15T17:16:27.800Z
usp0005nqk,5000,mblg,2.5,"Greater Philadelphia area, New Jersey",1993-02-26T21:13:33.810Z
usp0005sk4,5000,mblg,1.6,Pennsylvania,1993-05-11T02:42:32.500Z
usp0005sk5,5000,mblg,2.2,Pennsylvania,1993-05-11T02:43:57.400Z
usp0005t0y,5000,mblg,2.1,Pennsylvania,1993-05-18T09:45:24.390Z
4310412,4200,ML,2.6,WEST VIRGINIA,2013-02-11 16:52:51
4225334,5800,ML,2.7,WEST VIRGINIA,2013-03-05 18:11:28
4225357,13600,ML,2.8,WEST VIRGINIA,2013-03-06 21:40:09
4225366,3800,ML,2.7,WEST VIRGINIA,2013-03-07 17:40:53
4225373,8300,ML,2.2,WEST VIRGINIA,2013-03-07 20:57:11
4369063,7400,ML,2.4,WEST VIRGINIA,2013-05-01 16:06:04
4369210,6100,ML,2.4,WEST VIRGINIA,2013-05-09 20:41:16
4369212,10300,ML,2.6,WEST VIRGINIA,2013-05-09 21:18:22
5005259,5900,ML,1.9,WEST VIRGINIA,2014-09-06 18:01:30
5005253,7200,ML,1.9,NEW YORK,2014-09-06 16:41:38
4369066,7900,ML,2.7,WEST VIRGINIA,2013-05-01 19:11:50
4369179,13700,ML,2.6,WEST VIRGINIA,2013-05-08 16:21:27
4369180,4700,ML,2.5,WEST VIRGINIA,2013-05-08 16:54:10
4369205,11500,ML,2.7,WEST VIRGINIA,2013-05-09 19:27:13
4369275,5400,ML,2.4,WEST VIRGINIA,2013-05-13 20:04:52
4369482,11900,ML,2.6,WEST VIRGINIA,2013-05-23 20:30:58
4369566,7800,ML,2.3,WEST VIRGINIA,2013-05-28 11:00:51
4369578,3100,ML,2.7,WEST VIRGINIA,2013-05-28 21:30:37
4369846,5500,ML,1.9,WEST VIRGINIA,2013-06-11 15:04:31
4371872,4200,ML,2.4,WEST VIRGINIA,2013-08-07 16:27:33
4371922,3500,ML,2,WEST VIRGINIA,2013-08-09 21:01:58
usp0005xq1,8000,mblg,3.9,"Ontario-Quebec border region, Canada",1993-07-30T22:30:54.000Z
usp00063sg,17100,mb,3.8,"southern Quebec, Canada",1993-11-16T09:31:44.200Z
usp00066h5,5000,mb,4.2,Pennsylvania,1994-01-16T00:42:43.200Z
usp0006r0z,5000,mblg,2.5,Pennsylvania,1995-01-08T05:08:02.900Z
usp0006rqp,9300,mblg,2.9,West Virginia,1995-01-22T08:24:48.700Z
usp0006tqg,4200,md,3,New York,1995-03-02T05:33:51.420Z
usp0006y0t,5000,mblg,3,New York,1995-05-25T14:22:32.690Z
4371953,8500,ML,2.8,WEST VIRGINIA,2013-08-12 20:03:45
4372160,26000,ML,2.2,PENNSYLVANIA,2013-08-23 18:17:33
4372221,14900,ML,2.7,PENNSYLVANIA,2013-08-27 19:10:25
4372233,14100,ML,1.9,NEW YORK,2013-08-28 15:55:38
4372252,13400,ML,2.4,WEST VIRGINIA,2013-08-29 19:08:28
4374022,5100,ML,2.2,WEST VIRGINIA,2013-09-04 17:10:44
4374242,9900,ML,2.1,WEST VIRGINIA,2013-09-17 20:12:43
4488366,4600,ML,2.1,WEST VIRGINIA,2013-10-02 16:19:45
5111649,600,ML,2.5,WEST VIRGINIA,2015-01-08 20:27:54
4488474,7700,ML,2.1,PENNSYLVANIA,2013-10-10 13:33:25
4488638,10600,ML,2.3,NEW YORK,2013-10-21 18:52:46
4488684,14400,ML,2.5,WEST VIRGINIA,2013-10-25 19:16:33
4488713,11400,ML,2,WEST VIRGINIA,2013-10-28 16:38:43
4488735,6300,ML,2.4,NEW YORK,2013-10-29 21:20:19
5110228,2300,ML,2,WEST VIRGINIA,2014-11-01 20:13:24
4488740,14900,ML,1.5,NEW YORK,2013-10-30 19:13:12
4488149,8400,ML,2.5,WEST VIRGINIA,2013-11-21 20:02:08
4488153,3400,ML,2.5,WEST VIRGINIA,2013-11-21 21:37:37
4599376,7500,ML,1.8,NEW YORK,2013-12-03 18:30:02
4599403,5100,ML,2.4,PENNSYLVANIA,2013-12-05 13:20:31
4599454,7900,ML,2,PENNSYLVANIA,2013-12-10 15:13:40
4599473,14000,ML,1.7,VIRGINIA,2013-12-12 18:58:18
4599508,7200,ML,2.6,WEST VIRGINIA,2013-12-16 16:42:40
4372622,8200,ML,2.1,WEST VIRGINIA,2013-07-18 22:15:07
4372000,4100,ML,2,PENNSYLVANIA,2013-08-15 16:51:20
4599520,16500,ML,2.4,WEST VIRGINIA,2013-12-17 21:08:49
5114944,3300,ML,2.4,OHIO,2015-03-09 15:57:37
usp00073rq,18000,mblg,3.1,"Ontario-Quebec border region, Canada",1995-09-21T23:03:27.000Z
usp0007mf4,5000,mblg,2.8,New York,1996-07-23T01:19:59.970Z
usp0007rjb,5400,md,2.2,Pennsylvania,1996-10-17T11:43:27.980Z
usp000a31y,8000,md,2.4,New York,2000-11-06T12:16:36.700Z
usp000a7vu,7000,md,2.4,New York,2001-01-17T12:34:22.600Z
usp000a811,5000,mblg,2.6,Ohio,2001-01-20T02:05:07.540Z
4638466,11000,ML,2.3,WEST VIRGINIA,2014-01-22 12:59:03
4638476,13100,ML,2.2,WEST VIRGINIA,2014-01-23 13:48:42
4638478,14900,ML,2.4,WEST VIRGINIA,2014-01-23 16:57:13
4638552,3000,ML,2.6,WEST VIRGINIA,2014-01-29 21:33:05
4638564,13100,ML,2.3,WEST VIRGINIA,2014-01-30 20:01:31
4767839,4600,ML,2.1,PENNSYLVANIA,2014-02-21 17:54:33
4767842,14900,ML,2.4,WEST VIRGINIA,2014-02-21 21:37:24
4766689,3400,ML,2.5,WEST VIRGINIA,2014-03-06 21:51:14
4766690,2100,ML,2.5,WEST VIRGINIA,2014-03-06 22:13:24
4766765,4400,ML,1.9,WEST VIRGINIA,2014-03-11 20:49:45
4766796,3400,ML,2.4,WEST VIRGINIA,2014-03-13 20:24:56
4766860,4400,ML,2.5,WEST VIRGINIA,2014-03-18 21:21:10
4766873,5400,ML,2.4,WEST VIRGINIA,2014-03-19 20:52:31
4767042,13700,ML,2.5,PENNSYLVANIA,2014-03-31 19:05:10
4812917,11900,ML,2.1,PENNSYLVANIA,2014-04-02 14:16:48
4812961,13300,ML,2.2,WEST VIRGINIA,2014-04-07 18:11:04
4371986,1600,ML,2.4,WEST VIRGINIA,2013-08-14 20:37:43
5114989,300,ML,2.1,NEW JERSEY,2015-03-18 16:00:05
4808438,8200,ML,1.6,PENNSYLVANIA,2014-05-08 16:07:52
4808444,2200,ML,2.2,WEST VIRGINIA,2014-05-08 20:19:34
4808455,14600,ML,1.8,NEW YORK,2014-05-09 15:54:50
4808469,2900,ML,1.8,PENNSYLVANIA,2014-05-12 15:20:48
4808488,10100,ML,2.3,WEST VIRGINIA,2014-05-13 18:03:33
4374158,5200,ML,2.5,WEST VIRGINIA,2013-09-11 21:57:44
4808495,14600,ML,2.4,NEW YORK,2014-05-14 16:41:21
4808556,3500,ML,2.1,NEW YORK,2014-05-20 20:49:23
4808610,7400,ML,2,PENNSYLVANIA,2014-05-27 17:42:37
4808623,6300,ML,2.2,WEST VIRGINIA,2014-05-28 20:26:35
usp000a8dr,5000,mb,3.9,"Lake Erie, Ohio",2001-01-26T03:03:20.060Z
usp000ac4n,10000,md,2.5,West Virginia,2001-03-28T11:19:24.600Z
usp000ag00,5000,mblg,3.4,Ohio,2001-06-03T22:36:46.460Z
usp000b2u9,5000,ml,2.6,New York,2002-04-20T11:45:28.700Z
usp000b4x4,10000,ml,3.1,New York,2002-05-24T23:46:00.400Z
usp000b6wq,9000,md,3,New York,2002-06-25T13:40:28.100Z
usp000bmdm,14700,mblg,3.3,New York,2002-12-25T18:25:19.000Z
usp000buqg,10000,mblg,3.7,New York,2003-04-08T15:06:14.400Z
usp000c2ph,2500,mblg,2.5,Ohio,2003-07-17T00:44:10.000Z
usp000c5zy,3000,mblg,3.8,New Jersey,2003-08-26T18:24:18.400Z
usp000c62z,10000,md,2.2,New York,2003-08-27T19:55:39.000Z
usp000cq6p,8000,mblg,2.8,New York,2004-03-17T22:01:58.200Z
usp000cqme,2400,mblg,2.2,"Greater Philadelphia area, New Jersey",2004-03-22T15:21:39.000Z
usp000d3gd,3600,ml,2.9,New York,2004-09-04T02:05:32.040Z
usp000d6ca,10000,md,2.7,New York,2004-10-14T09:36:02.400Z
usp000dhd7,18000,mblg,3.5,"Ontario-Quebec border region, Canada",2005-03-03T02:22:01.000Z
4815540,11500,ML,1.9,NEW YORK,2014-06-02 19:24:22
4820586,13400,ML,2.1,NEW YORK,2014-07-08 15:47:16
4820608,21000,ML,2.4,WEST VIRGINIA,2014-07-09 20:00:22
4820626,6500,ML,2.7,WEST VIRGINIA,2014-07-10 20:25:28
4820642,4500,ML,2.1,WEST VIRGINIA,2014-07-11 17:23:10
4820693,2100,ML,2.3,WEST VIRGINIA,2014-07-16 21:40:14
4820823,14500,ML,2.4,NEW YORK,2014-07-29 17:30:23
4820834,16100,ML,2,NEW YORK,2014-07-30 16:55:26
4820841,3100,ML,2.3,WEST VIRGINIA,2014-07-30 20:58:41
5006156,10900,ML,2.1,NEW YORK,2014-08-13 15:06:01
5111755,500,ML,2.3,WEST VIRGINIA,2015-01-22 21:27:03
5006171,5700,ML,2.1,WEST VIRGINIA,2014-08-14 18:57:03
5006179,15500,ML,2.2,NEW YORK,2014-08-15 15:44:30
5006222,2500,ML,2.1,WEST VIRGINIA,2014-08-20 22:30:32
5006229,13900,ML,2.5,WEST VIRGINIA,2014-08-21 21:34:03
5006232,2500,ML,1.7,PENNSYLVANIA,2014-08-22 15:50:54
5006252,6400,ML,2.5,WEST VIRGINIA,2014-08-25 16:20:04
5006260,14400,ML,2.5,WEST VIRGINIA,2014-08-26 20:09:55
5006271,15600,ML,1.9,NEW YORK,2014-08-28 15:56:17
5006277,4000,ML,2.1,WEST VIRGINIA,2014-08-29 13:58:48
usp000eeqn,2000,ml,1.2,Pennsylvania,2006-04-17T01:27:03.620Z
usp000ewg9,1000,mb,4.3,West Virginia,2006-11-02T17:53:02.110Z
usp000f05f,6000,md,2.5,Pennsylvania,2006-12-13T19:07:52.900Z
usp000f1ma,5000,mblg,2.5,Pennsylvania,2007-01-03T09:08:31.600Z
5005199,11300,ML,2.3,WEST VIRGINIA,2014-09-02 15:36:13
5005206,6000,ML,2.1,WEST VIRGINIA,2014-09-02 19:25:13
5005271,2200,ML,2.5,WEST VIRGINIA,2014-09-08 20:13:27
5005278,3200,ML,2.2,PENNSYLVANIA,2014-09-09 17:26:20
5005298,3500,ML,2.6,WEST VIRGINIA,2014-09-10 21:34:51
5005319,12700,ML,2,NEW YORK,2014-09-12 16:18:13
5005378,11500,ML,1.8,PENNSYLVANIA,2014-09-16 16:36:05
5005397,3100,ML,2.4,WEST VIRGINIA,2014-09-17 20:16:54
5005405,10400,ML,2.5,WEST VIRGINIA,2014-09-18 16:03:26
5005452,16800,ML,2.4,NEW YORK,2014-09-24 16:38:08
5005493,2300,ML,2.5,VIRGINIA,2014-09-29 15:47:56
5005512,16800,ML,1.3,VIRGINIA,2014-09-30 16:40:04
5007469,9400,ML,2.2,WEST VIRGINIA,2014-10-03 21:33:56
5007475,12400,ML,2.4,WEST VIRGINIA,2014-10-06 11:52:53
4220914,3700,ML,2.7,WEST VIRGINIA,2012-12-06 21:40:24
4225639,3900,ML,2.6,WEST VIRGINIA,2013-03-25 18:25:56
4225709,6000,ML,1.9,NEW YORK,2013-03-29 17:00:59
4310817,2700,ML,2.5,VIRGINIA,2013-04-04 18:53:10
4310896,5300,ML,2.5,WEST VIRGINIA,2013-04-10 21:50:48
4374063,4900,ML,2.5,WEST VIRGINIA,2013-09-06 16:11:01
4374310,11500,ML,1.6,NEW YORK,2013-09-20 18:04:11
4374431,8600,ML,1.9,VIRGINIA,2013-09-27 17:30:45
4374466,15100,ML,2.3,NEW YORK,2013-09-30 15:54:40
4221064,100,ML,2.6,WEST VIRGINIA,2012-12-20 21:16:13
4310340,200,ML,2.6,WEST VIRGINIA,2013-02-05 21:21:52
4310362,300,ML,2.7,WEST VIRGINIA,2013-02-06 22:06:41
4820728,300,ML,2.3,WEST VIRGINIA,2014-07-18 21:33:02
4369348,1200,ML,2.4,WEST VIRGINIA,2013-05-17 16:19:53
4767713,1200,ML,2.2,WEST VIRGINIA,2014-02-05 20:57:51
5115021,4800,ML,1.3,PENNSYLVANIA,2015-03-26 15:01:25
4310814,11600,ML,2.4,WEST VIRGINIA,2013-04-03 21:10:33
4369206,3000,ML,2.4,WEST VIRGINIA,2013-05-09 19:58:08
4371977,5000,ML,2.4,WEST VIRGINIA,2013-08-14 11:00:29
usp000f32v,8000,mblg,2.6,New York,2007-01-20T17:20:00.870Z
usp000f6fp,7000,md,2.5,New York,2007-03-11T02:33:13.270Z
4371980,4500,ML,2.3,WEST VIRGINIA,2013-08-14 16:57:11
4488587,11600,ML,2.7,WEST VIRGINIA,2013-10-17 19:19:42
4374188,13000,ML,2.1,NEW YORK,2013-09-13 16:25:51
4374169,6000,ML,2.4,WEST VIRGINIA,2013-09-12 18:15:11
4374202,3000,ML,2.2,WEST VIRGINIA,2013-09-13 22:02:47
5153940,7300,ML,2.5,NEW YORK,2015-05-14 16:40:48
5005202,9700,ML,1.9,NEW YORK,2014-09-02 16:46:26
4488462,14800,ML,2.1,NEW YORK,2013-10-09 19:33:35
4488100,18700,ML,1.6,NEW YORK,2013-11-18 17:05:19
4309449,2300,ML,3.1,WEST VIRGINIA,2012-11-01 20:49:45
4220964,15500,ML,2.9,WEST VIRGINIA,2012-12-11 21:45:35
4221020,6700,ML,3.1,WEST VIRGINIA,2012-12-17 21:06:20
4638420,2000,ML,2.3,WEST VIRGINIA,2014-01-17 21:49:59
4218973,6100,ML,2.5,WEST VIRGINIA,2012-10-03 21:41:24
4218974,8400,ML,2.3,WEST VIRGINIA,2012-10-03 21:42:30
4219042,6300,ML,2.4,WEST VIRGINIA,2012-10-09 21:02:31
4219161,3700,ML,2.6,WEST VIRGINIA,2012-10-22 18:54:43
4219244,8000,ML,2.9,WEST VIRGINIA,2012-10-29 20:24:01
4309456,12100,ML,2.5,WEST VIRGINIA,2012-11-02 19:27:24
4309492,3500,ML,2.9,WEST VIRGINIA,2012-11-06 21:32:11
4220926,5900,ML,2.7,WEST VIRGINIA,2012-12-07 21:30:03
4599578,9900,ML,1.9,WEST VIRGINIA,2013-12-27 18:20:59
4220924,12900,ML,2.6,WEST VIRGINIA,2012-12-07 21:08:16
5110465,4200,ML,2.6,WEST VIRGINIA,2014-11-25 20:53:46
4638351,11200,ML,1.9,NEW YORK,2014-01-10 17:46:59
4638383,11900,ML,2.2,NEW YORK,2014-01-14 18:26:12
4638395,2300,ML,2.5,WEST VIRGINIA,2014-01-15 20:02:34
4221131,4100,ML,2.8,WEST VIRGINIA,2012-12-28 21:05:48
4221101,2700,ML,3.1,WEST VIRGINIA,2012-12-26 21:18:36
4221159,8300,ML,2.6,WEST VIRGINIA,2012-12-31 16:02:41
4223383,6500,ML,2.8,WEST VIRGINIA,2013-01-11 12:51:59
4223366,6000,ML,2.5,WEST VIRGINIA,2013-01-09 22:08:54
4223434,7400,ML,2.5,WEST VIRGINIA,2013-01-15 21:44:05
4310337,11300,ML,2.3,WEST VIRGINIA,2013-02-05 20:17:49
4310338,5400,ML,2.7,WEST VIRGINIA,2013-02-05 20:58:33
4310339,9100,ML,2.5,WEST VIRGINIA,2013-02-05 21:00:44
4310372,7000,ML,2.3,PENNSYLVANIA,2013-02-07 19:17:23
usp00000s4,14000,lg,3.8,New Jersey,1973-02-28T08:21:32.300Z
usp00002qn,1000,mb,3.4,New York,1973-07-15T10:32:37.700Z
usp00005q5,2000,lg,2.5,Virginia,1974-03-23T09:46:33.800Z
usp0000644,3000,mb,3,Pennsylvania,1974-04-27T14:45:39.100Z
usp00006jz,8000,lg,3.6,West Virginia,1974-05-30T21:28:37.200Z
usp00006p4,2000,ml,3.3,New York,1974-06-07T19:45:36.800Z
usp00008g9,11000,lg,3.4,West Virginia,1974-10-20T15:13:55.100Z
usp000f9db,7000,ml,2.6,New York,2007-04-11T02:32:17.480Z
4767828,11700,ML,2.4,WEST VIRGINIA,2014-02-19 23:03:02
4766642,5900,ML,2,PENNSYLVANIA,2014-03-03 19:33:38
4766653,10700,ML,2.2,NEW YORK,2014-03-04 20:09:28
4766810,22400,ML,2.2,NEW JERSEY,2014-03-14 17:00:04
5005436,16900,ML,2.3,NEW YORK,2014-09-22 15:33:15
4767791,15800,ML,2.6,WEST VIRGINIA,2014-02-14 19:00:05
4767815,5000,ML,2.1,WEST VIRGINIA,2014-02-18 15:57:12
4767822,14900,ML,2.2,NEW YORK,2014-02-19 18:02:37
4225359,5400,ML,2.5,WEST VIRGINIA,2013-03-06 22:17:32
4225376,3700,ML,2.5,WEST VIRGINIA,2013-03-07 21:46:29
4767814,10800,ML,1.4,VIRGINIA,2014-02-18 15:55:46
4225580,11900,ML,2.7,WEST VIRGINIA,2013-03-21 20:10:03
4225584,10600,ML,2.5,WEST VIRGINIA,2013-03-21 21:06:30
5111789,14000,ML,2.1,NEW YORK,2015-01-28 17:43:12
5111796,3300,ML,2.3,WEST VIRGINIA,2015-01-29 16:27:58
5111806,3900,ML,2.6,WEST VIRGINIA,2015-01-29 21:29:20
4820677,1300,ML,2.5,WEST VIRGINIA,2014-07-15 19:57:45
4310620,4200,ML,2.7,WEST VIRGINIA,2013-02-28 16:44:21
4766875,4900,ML,2.5,WEST VIRGINIA,2014-03-19 21:07:32
4766948,12900,ML,2,PENNSYLVANIA,2014-03-24 17:53:50
4766905,12300,ML,2.3,PENNSYLVANIA,2014-03-21 17:59:05
4766963,7400,ML,1.9,NEW YORK,2014-03-25 16:02:20
4310832,7600,ML,2.7,WEST VIRGINIA,2013-04-05 20:03:52
4311132,14300,ML,2.4,WEST VIRGINIA,2013-04-30 11:00:50
4225641,6500,ML,2.4,OHIO,2013-03-25 19:51:06
usp000fbyb,5600,mblg,2.9,Vermont,2007-05-14T08:10:30.000Z
usp000fbzw,7000,mblg,2.1,Pennsylvania,2007-05-15T04:19:54.260Z
usp000fgz1,14000,md,2.6,New York,2007-07-24T00:48:57.260Z
usp000g1vf,18000,md,2.8,"Ontario-Quebec border region, Canada",2008-03-20T17:25:45.510Z
usp000gj49,18000,ml,2.9,"southern Quebec, Canada",2008-10-02T04:10:24.140Z
4225666,5800,ML,2.6,WEST VIRGINIA,2013-03-27 11:59:18
4369085,2600,ML,3,WEST VIRGINIA,2013-05-02 19:58:45
4369068,2300,ML,2.7,WEST VIRGINIA,2013-05-01 19:57:12
4369095,7300,ML,2.4,WEST VIRGINIA,2013-05-03 11:00:38
4808365,11700,ML,2.1,NEW YORK,2014-05-01 14:55:45
4808402,3100,ML,2.5,WEST VIRGINIA,2014-05-05 18:48:55
4808557,9600,ML,2.5,WEST VIRGINIA,2014-05-20 21:25:52
4808403,11600,ML,2.5,PENNSYLVANIA,2014-05-05 19:14:42
4808435,4600,ML,1.9,NEW YORK,2014-05-08 14:39:57
5005438,14400,ML,2.4,NEW YORK,2014-09-22 17:34:32
4372715,11500,ML,2.5,WEST VIRGINIA,2013-07-30 14:45:08
4372719,13100,ML,2,VIRGINIA,2013-07-30 18:59:27
4820833,12900,ML,2,NEW YORK,2014-07-30 14:27:41
4820838,5800,ML,2.2,WEST VIRGINIA,2014-07-30 19:46:41
4310626,17500,ML,2.5,WEST VIRGINIA,2013-02-28 21:18:07
4219051,2900,ML,2.7,WEST VIRGINIA,2012-10-10 20:33:47
4310586,17400,ML,2.6,WEST VIRGINIA,2013-02-25 21:39:32
4310594,15400,ML,2.7,WEST VIRGINIA,2013-02-26 20:58:23
4225329,12800,ML,2.5,WEST VIRGINIA,2013-03-05 17:10:50
4223445,700,ML,2.8,WEST VIRGINIA,2013-01-16 17:52:10
4808572,17800,ML,1.5,VIRGINIA,2014-05-22 17:15:42
5110335,2000,ML,2.1,WEST VIRGINIA,2014-11-12 17:20:39
4808609,10700,ML,1.9,NEW YORK,2014-05-27 16:26:22
4372022,7000,ML,2.1,WEST VIRGINIA,2013-08-16 15:57:37
4372162,4800,ML,2.1,WEST VIRGINIA,2013-08-23 19:13:17
4808563,14600,ML,1.7,NEW YORK,2014-05-21 16:30:00
4372017,15000,ML,2.6,WEST VIRGINIA,2013-08-16 11:19:36
5005413,6800,ML,2.4,WEST VIRGINIA,2014-09-18 20:51:32
4225282,300,ML,2.6,WEST VIRGINIA,2013-03-01 21:48:53
4374374,100,ML,2.2,WEST VIRGINIA,2013-09-24 14:52:37
4638493,13300,ML,2.3,PENNSYLVANIA,2014-01-24 18:35:44
usp0000de4,3000,mb,4,New York,1975-11-03T20:54:55.900Z
4220886,1100,ML,2.4,WEST VIRGINIA,2012-12-04 21:06:50
usp0000fdj,5000,lg,2.4,"Greater New York area, New Jersey",1976-03-11T21:07:20.600Z
5153926,4800,ML,2,NEW YORK,2015-05-08 16:22:36
5153932,8600,ML,2,NEW YORK,2015-05-11 15:30:15
5153942,12900,ML,1.9,NEW YORK,2015-05-14 17:33:40
5153952,16700,ML,2,NEW YORK,2015-05-19 16:53:03
5153956,11400,ML,2,NEW YORK,2015-05-20 17:09:58
5153957,16300,ML,2.4,NEW YORK,2015-05-20 19:00:07
4213942,2500,ML,2.6,WEST VIRGINIA,2012-08-23 15:47:49
4214097,7000,ML,2.5,WEST VIRGINIA,2012-08-31 20:48:01
4217587,6100,ML,2.7,WEST VIRGINIA,2012-09-04 21:26:44
4217618,5300,ML,2.5,WEST VIRGINIA,2012-09-07 20:17:43
4217670,9900,ML,2.6,WEST VIRGINIA,2012-09-12 18:23:26
5005387,500,ML,2.3,WEST VIRGINIA,2014-09-16 20:17:42
5005422,300,ML,2.4,WEST VIRGINIA,2014-09-19 20:15:29
5153976,16000,ML,1.6,NEW YORK,2015-05-26 16:44:11
5153914,14200,ML,2,PENNSYLVANIA,2015-05-05 14:14:40
4223529,5600,ML,2.7,WEST VIRGINIA,2013-01-22 14:58:20
4223604,6500,ML,2.4,WEST VIRGINIA,2013-01-25 22:37:33
4369409,14900,ML,2.4,PENNSYLVANIA,2013-05-20 18:12:28
5006120,300,ML,2.5,WEST VIRGINIA,2014-08-08 16:46:57
5006257,100,ML,2.3,PENNSYLVANIA,2014-08-26 13:45:59
4369411,2000,ML,2.5,WEST VIRGINIA,2013-05-20 19:56:26
5110401,100,ML,2.3,WEST VIRGINIA,2014-11-18 20:37:19
4225328,12000,ML,2.6,WEST VIRGINIA,2013-03-05 16:37:56
5005443,8300,ML,2.3,WEST VIRGINIA,2014-09-23 16:34:10
4369755,1200,ML,2.5,WEST VIRGINIA,2013-06-04 15:20:09
4225541,6900,ML,2.5,WEST VIRGINIA,2013-03-18 21:26:42
5111671,100,ML,2.9,WEST VIRGINIA,2015-01-12 21:46:45
4808639,200,ML,2.1,WEST VIRGINIA,2014-05-30 17:12:18
4369904,4800,ML,2.5,WEST VIRGINIA,2013-06-17 20:14:53
4369940,8000,ML,2.5,PENNSYLVANIA,2013-06-20 19:00:11
4219262,7700,ML,2.7,WEST VIRGINIA,2012-10-31 20:43:42
4221124,32300,ML,2.8,WEST VIRGINIA,2012-12-28 16:24:42
4223352,2700,ML,2.4,WEST VIRGINIA,2013-01-08 22:03:30
4372604,4200,ML,2.7,NEW YORK,2013-07-17 18:49:27
usp000gkjn,5000,md,2.1,Pennsylvania,2008-10-19T08:22:07.400Z
usp000gkjr,4000,md,1.8,Pennsylvania,2008-10-19T08:58:31.770Z
usp000gkjt,5000,md,1.7,Pennsylvania,2008-10-19T09:17:34.810Z
usp000gkmj,5000,md,1.5,Pennsylvania,2008-10-20T02:16:02.430Z
usp000gkvt,5000,md,1.2,Pennsylvania,2008-10-23T15:55:32.000Z
usp000grke,4000,md,3.4,Pennsylvania,2008-12-27T05:04:34.600Z
4371859,8100,ML,2.1,WEST VIRGINIA,2013-08-06 20:13:03
4371870,3600,ML,2.4,WEST VIRGINIA,2013-08-07 11:02:02
4374069,2000,ML,2.7,PENNSYLVANIA,2013-09-06 19:36:00
4225606,11400,ML,2.8,WEST VIRGINIA,2013-03-22 22:25:41
5110237,1200,ML,2.5,WEST VIRGINIA,2014-11-03 21:17:23
4371964,13200,ML,2.6,WEST VIRGINIA,2013-08-13 19:58:24
4310976,12000,ML,2.1,WEST VIRGINIA,2013-04-17 19:40:35
4372002,7400,ML,2.4,PENNSYLVANIA,2013-08-15 18:18:40
4374119,3400,ML,2.5,WEST VIRGINIA,2013-09-09 22:58:38
4374129,12200,ML,2.4,PENNSYLVANIA,2013-09-10 19:19:33
4374247,5700,ML,2.1,PENNSYLVANIA,2013-09-17 21:09:45
4374309,8500,ML,2.5,PENNSYLVANIA,2013-09-20 17:52:45
4488505,4800,ML,2.3,WEST VIRGINIA,2013-10-11 20:26:40
4488541,13400,ML,1.7,NEW YORK,2013-10-14 18:01:01
4488662,14800,ML,1.6,NEW YORK,2013-10-23 16:02:24
4488687,8900,ML,2.5,WEST VIRGINIA,2013-10-25 20:08:51
4488738,6400,ML,1.9,NEW YORK,2013-10-30 15:19:54
4488114,14900,ML,2.2,PENNSYLVANIA,2013-11-19 18:44:56
4488035,14100,ML,2.1,NEW YORK,2013-11-13 19:45:54
4488124,9800,ML,2.4,WEST VIRGINIA,2013-11-20 15:00:52
4488145,12000,ML,2.4,PENNSYLVANIA,2013-11-21 16:48:18
4488162,3500,ML,2.2,WEST VIRGINIA,2013-11-22 18:22:49
4488164,13400,ML,2.1,WEST VIRGINIA,2013-11-22 20:16:18
4599569,10000,ML,2.3,PENNSYLVANIA,2013-12-24 17:05:51
4638571,12000,ML,2,NEW YORK,2014-01-31 18:10:36
4766991,19500,ML,2.3,NEW YORK,2014-03-27 16:19:27
5006274,11200,ML,2.3,PENNSYLVANIA,2014-08-28 19:03:05
5006278,18000,ML,2.4,NEW YORK,2014-08-29 15:19:16
5005324,7900,ML,2.6,PENNSYLVANIA,2014-09-12 18:01:43
5007444,14200,ML,2.3,VIRGINIA,2014-10-01 17:43:26
5111753,20400,ML,2.4,WEST VIRGINIA,2015-01-22 21:04:51
5111760,10900,ML,2.3,PENNSYLVANIA,2015-01-23 19:28:56
5007460,6700,ML,2.3,WEST VIRGINIA,2014-10-03 15:44:01
5007485,9400,ML,1.5,NEW YORK,2014-10-07 11:31:19
5007505,8700,ML,2.4,PENNSYLVANIA,2014-10-09 19:08:03
usp000j2aw,4200,ml,1.7,"Greater Philadelphia area, Pennsylvania",2011-05-28T01:33:53.460Z
5115012,2800,ML,2.6,WEST VIRGINIA,2015-03-24 15:17:26
4374268,4700,ML,2.3,WEST VIRGINIA,2013-09-18 19:59:42
5153902,14200,ML,2.2,NEW YORK,2015-05-01 14:06:18
5153906,13000,ML,1.7,NEW YORK,2015-05-01 20:13:01
5153913,8800,ML,2.6,PENNSYLVANIA,2015-05-04 20:26:21
5153974,10100,ML,2,NEW YORK,2015-05-26 15:01:49
5153980,13100,ML,2,NEW YORK,2015-05-28 17:06:32
5153986,7700,ML,2.1,NEW YORK,2015-05-29 14:06:32
5006215,7200,ML,2,NEW YORK,2014-08-20 14:47:52
5006235,8800,ML,2.3,WEST VIRGINIA,2014-08-22 17:12:22
5114994,12300,ML,2.5,PENNSYLVANIA,2015-03-19 18:19:19
4374434,1100,ML,2.2,WEST VIRGINIA,2013-09-27 19:32:19
4488688,1100,ML,2.2,WEST VIRGINIA,2013-10-25 20:32:03
4638575,1500,ML,2.6,WEST VIRGINIA,2014-01-31 19:57:20
4815766,1400,ML,2.6,WEST VIRGINIA,2014-06-26 21:20:11
4487956,2000,ML,2.4,WEST VIRGINIA,2013-11-07 20:33:37
5007577,8400,ML,2.2,WEST VIRGINIA,2014-10-22 21:08:42
5007603,12200,ML,2.1,NEW JERSEY,2014-10-28 16:00:32
5007620,2800,ML,2.2,NEW YORK,2014-10-30 15:15:23
5110277,8400,ML,2.5,WEST VIRGINIA,2014-11-06 21:21:23
5110281,13600,ML,2.2,PENNSYLVANIA,2014-11-07 14:57:22
5110287,5300,ML,2.2,WEST VIRGINIA,2014-11-07 18:25:23
5110316,5400,ML,2.1,WEST VIRGINIA,2014-11-10 22:01:10
5110372,3600,ML,2.1,WEST VIRGINIA,2014-11-14 20:32:33
5110409,7600,ML,2.3,WEST VIRGINIA,2014-11-19 15:01:21
5109396,6000,ML,2,WEST VIRGINIA,2014-12-17 20:52:11
5111626,12400,ML,2.1,PENNSYLVANIA,2015-01-02 17:09:56
5111670,2500,ML,2.5,WEST VIRGINIA,2015-01-12 21:15:03
5111706,5500,ML,2.6,WEST VIRGINIA,2015-01-16 21:00:47
5114987,8100,ML,2.8,PENNSYLVANIA,2015-03-17 19:51:16
5114995,6100,ML,2.3,WEST VIRGINIA,2015-03-19 20:00:54
5114997,7700,ML,2.4,WEST VIRGINIA,2015-03-19 21:27:50
5115029,3000,ML,2.1,WEST VIRGINIA,2015-03-31 22:07:35
5153945,10500,ML,2.1,NEW YORK,2015-05-15 18:25:52
5153948,14100,ML,2.1,NEW YORK,2015-05-18 15:13:53
se101313a,2800,Md,2.2,"10km WNW of Sutton, West Virginia",2013-10-13T09:20:58.500Z
4217680,4200,ML,2.7,WEST VIRGINIA,2012-09-13 20:20:48
5153949,13300,ML,1.6,NEW YORK,2015-05-18 18:07:41
5153951,6100,ML,1.3,NEW YORK,2015-05-19 14:05:21
5153954,2400,ML,1.9,NEW YORK,2015-05-20 14:24:35
5153962,14200,ML,2.1,NEW YORK,2015-05-21 17:24:09
5153978,14400,ML,1.6,NEW YORK,2015-05-27 15:00:09
4217814,13100,ML,2.4,WEST VIRGINIA,2012-09-27 21:37:16
4221021,3200,ML,2.5,WEST VIRGINIA,2012-12-17 21:15:06
4309537,10700,ML,2.6,WEST VIRGINIA,2012-11-12 21:44:39
4309543,2400,ML,2.9,WEST VIRGINIA,2012-11-14 18:27:36
4220954,13500,ML,2.6,WEST VIRGINIA,2012-12-10 21:23:02
4220991,3600,ML,2.7,WEST VIRGINIA,2012-12-14 18:44:08
4221096,11400,ML,2.6,WEST VIRGINIA,2012-12-26 17:36:24
4310375,11600,ML,2.4,WEST VIRGINIA,2013-02-07 20:53:20
4223474,6000,ML,2.9,WEST VIRGINIA,2013-01-18 15:04:31
4223487,14500,ML,2.6,WEST VIRGINIA,2013-01-18 21:42:25
5109414,1600,ML,2.4,WEST VIRGINIA,2014-12-31 18:52:23
4310601,7800,ML,2.6,WEST VIRGINIA,2013-02-26 22:06:11
4310623,2300,ML,2.4,WEST VIRGINIA,2013-02-28 20:00:59
4225583,10700,ML,2.5,WEST VIRGINIA,2013-03-21 20:49:09
4225603,10200,ML,1.7,WEST VIRGINIA,2013-03-22 21:36:10
4225493,9900,ML,2.5,WEST VIRGINIA,2013-03-15 21:03:40
4311146,5900,ML,2.8,WEST VIRGINIA,2013-04-30 21:49:17
4310972,7300,ML,2.9,WEST VIRGINIA,2013-04-17 18:08:34
4369787,9800,ML,2.4,WEST VIRGINIA,2013-06-05 21:41:01
4369847,7400,ML,2.5,WEST VIRGINIA,2013-06-11 16:07:49
4369855,9600,ML,2.3,WEST VIRGINIA,2013-06-12 15:36:00
4369856,3400,ML,2.6,WEST VIRGINIA,2013-06-12 15:56:16
4369857,6500,ML,2.3,WEST VIRGINIA,2013-06-12 16:41:12
4369439,11300,ML,2.6,WEST VIRGINIA,2013-05-21 20:05:27
4369471,10800,ML,2,WEST VIRGINIA,2013-05-23 13:54:25
4225598,1600,ML,2.5,WEST VIRGINIA,2013-03-22 20:44:03
4372705,6400,ML,2.8,WEST VIRGINIA,2013-07-29 16:04:14
4371790,11100,ML,2.3,WEST VIRGINIA,2013-08-02 20:42:18
4371829,2400,ML,2.3,WEST VIRGINIA,2013-08-05 13:56:58
4638330,12500,ML,2.6,WEST VIRGINIA,2014-01-07 22:25:20
5109392,1400,ML,2.7,WEST VIRGINIA,2014-12-16 21:04:52
4369754,13300,ML,2.7,WEST VIRGINIA,2013-06-04 14:23:38
4369756,8900,ML,2.5,WEST VIRGINIA,2013-06-04 16:44:29
4371967,1900,ML,2.7,PENNSYLVANIA,2013-08-13 20:16:36
4369216,1400,ML,2.8,WEST VIRGINIA,2013-05-09 23:42:39
4488561,12600,ML,2.2,WEST VIRGINIA,2013-10-16 0:42:29
usp000b3vs,5000,md,2.8,Ohio,2002-05-06T22:26:51.500Z
4808501,5200,ML,2.9,WEST VIRGINIA,2014-05-15 0:05:14
4820600,3900,ML,2.2,WEST VIRGINIA,2014-07-09 0:38:36
ld60085446,9300,ml,2.15,"8km NNW of Huntingdon, Canada",2014-12-30T02:44:50.520Z
4372212,12300,ML,2.5,WEST VIRGINIA,2013-08-27 13:18:08
4371840,14100,ML,2.5,WEST VIRGINIA,2013-08-05 20:17:07
4374313,2700,ML,2.6,WEST VIRGINIA,2013-09-20 21:07:56
4374375,12900,ML,2.4,NEW YORK,2013-09-24 16:30:40
4374417,7500,ML,2.4,WEST VIRGINIA,2013-09-26 11:17:16
4374439,8200,ML,2.6,WEST VIRGINIA,2013-09-27 21:22:21
4488359,5200,ML,2.3,WEST VIRGINIA,2013-10-02 11:21:38
4488479,14000,ML,2.1,WEST VIRGINIA,2013-10-10 19:51:38
4374106,4100,ML,2,WEST VIRGINIA,2013-09-09 11:53:31
4488494,13700,ML,2.2,WEST VIRGINIA,2013-10-11 15:18:43
4488498,2400,ML,2.5,PENNSYLVANIA,2013-10-11 18:01:27
4487953,3200,ML,2.1,WEST VIRGINIA,2013-11-07 17:19:59
4599391,11600,ML,2.1,NEW YORK,2013-12-04 17:38:28
4599404,12100,ML,2.2,PENNSYLVANIA,2013-12-05 18:11:54
4599550,14600,ML,2.4,NEW YORK,2013-12-20 21:53:59
4372636,8400,ML,2.3,WEST VIRGINIA,2013-07-20 18:02:20
4488081,5200,ML,2.4,WEST VIRGINIA,2013-11-16 18:01:46
4638439,8800,ML,2.6,PENNSYLVANIA,2014-01-20 20:32:01
4638565,2500,ML,2.3,WEST VIRGINIA,2014-01-30 20:48:46
5111716,11300,ML,2.6,PENNSYLVANIA,2015-01-19 17:38:13
4638404,20600,ML,2.2,WEST VIRGINIA,2014-01-16 3:38:22
4638446,3100,ML,2,WEST VIRGINIA,2014-01-20 22:15:32
5006102,13600,ML,1.7,NEW YORK,2014-08-06 16:56:31
5006114,11600,ML,2.5,WEST VIRGINIA,2014-08-07 20:53:15
5006139,11100,ML,1.7,PENNSYLVANIA,2014-08-11 16:03:36
5006155,17400,ML,1.9,NEW YORK,2014-08-13 13:54:48
5006168,12000,ML,2.5,WEST VIRGINIA,2014-08-13 22:40:10
5006174,2100,ML,2.5,WEST VIRGINIA,2014-08-14 20:55:36
4820759,3700,ML,2.1,WEST VIRGINIA,2014-07-23 20:24:16
4820768,14700,ML,2,NEW YORK,2014-07-24 15:31:51
4369954,1700,ML,2.3,WEST VIRGINIA,2013-06-21 14:42:19
4820786,14700,ML,2.2,NEW YORK,2014-07-25 18:30:17
4213054,13600,ML,2.6,WEST VIRGINIA,2012-07-30 21:29:31
4225320,7800,ML,2.6,WEST VIRGINIA,2013-03-04 22:24:17
4213765,2100,ML,2.5,WEST VIRGINIA,2012-08-07 20:08:31
4213882,2100,ML,2.8,WEST VIRGINIA,2012-08-17 20:48:42
4309448,400,ML,2.9,WEST VIRGINIA,2012-11-01 20:28:23
4369224,1300,ML,2.5,WEST VIRGINIA,2013-05-10 16:21:27
4213931,7800,ML,2.6,WEST VIRGINIA,2012-08-22 19:53:19
5110447,3800,ML,2.4,WEST VIRGINIA,2014-11-22 21:43:21
4638372,2700,ML,2.5,WEST VIRGINIA,2014-01-11 21:10:06
4213954,14900,ML,2.7,WEST VIRGINIA,2012-08-24 19:11:10
4309663,1000,ML,2.9,WEST VIRGINIA,2012-11-30 22:06:07
4808511,1200,ML,2.2,WEST VIRGINIA,2014-05-15 20:31:09
4221086,4500,ML,2.3,WEST VIRGINIA,2012-12-23 17:09:18
4310563,12300,ML,2.6,WEST VIRGINIA,2013-02-23 17:46:00
5111721,9700,ML,2.5,PENNSYLVANIA,2015-01-19 20:58:07
5110434,4700,ML,2.6,WEST VIRGINIA,2014-11-21 18:24:57
4310577,11300,ML,2.6,WEST VIRGINIA,2013-02-25 16:35:37
4225380,9400,ML,2.3,WEST VIRGINIA,2013-03-07 22:54:21
4225419,3500,ML,2.8,WEST VIRGINIA,2013-03-11 14:33:46
4225452,11700,ML,2.3,WEST VIRGINIA,2013-03-13 16:35:35
4225568,15900,ML,2.5,WEST VIRGINIA,2013-03-20 20:23:51
4225578,9400,ML,2.7,WEST VIRGINIA,2013-03-21 19:57:34
4214742,1200,ML,3.1,WEST VIRGINIA,2013-03-27 9:10:48
5006224,14700,ML,1.9,NEW YORK,2014-08-21 13:19:05
5006225,14400,ML,2.2,NEW YORK,2014-08-21 16:45:03
5006233,10600,ML,1.6,NEW YORK,2014-08-22 16:04:17
5006282,10300,ML,2.1,NEW YORK,2014-08-29 19:21:02
4371836,11500,ML,2.4,WEST VIRGINIA,2013-08-05 18:31:59
4372417,1700,ML,2.4,WEST VIRGINIA,2013-07-01 17:40:41
4225556,5500,ML,2.6,WEST VIRGINIA,2013-03-19 20:55:34
5006285,12100,ML,2.5,WEST VIRGINIA,2014-08-29 21:53:42
5005280,12900,ML,2.3,PENNSYLVANIA,2014-09-09 17:42:41
5006206,8200,ML,2.4,PENNSYLVANIA,2014-08-19 17:03:32
5006216,5900,ML,2.4,WEST VIRGINIA,2014-08-20 16:16:46
5005327,8000,ML,2.2,WEST VIRGINIA,2014-09-12 19:54:03
5005357,13900,ML,1.7,NEW YORK,2014-09-15 14:11:45
4225596,14900,ML,2.9,WEST VIRGINIA,2013-03-22 19:25:02
4212946,21300,ML,2.7,WEST VIRGINIA,2012-07-16 20:56:47
4213028,5200,ML,2.7,WEST VIRGINIA,2012-07-27 15:46:42
5109397,1000,ML,2.4,NEW YORK,2014-12-17 21:26:50
4223362,2900,ML,2.6,WEST VIRGINIA,2013-01-09 21:21:16
4223424,12300,ML,2.5,WEST VIRGINIA,2013-01-15 15:11:50
4223466,14300,ML,2.6,WEST VIRGINIA,2013-01-17 21:10:15
4225593,17100,ML,2.9,WEST VIRGINIA,2013-03-22 16:40:06
4767824,16700,ML,2.3,WEST VIRGINIA,2014-02-19 21:12:19
4310390,10800,ML,2.5,WEST VIRGINIA,2013-02-08 20:57:55
4225401,14100,ML,2.1,WEST VIRGINIA,2013-03-09 18:57:40
4225404,6500,ML,2.4,WEST VIRGINIA,2013-03-09 20:09:03
4371751,10800,ML,1.9,PENNSYLVANIA,2013-08-01 15:36:40
4371758,5400,ML,2.5,WEST VIRGINIA,2013-08-01 19:21:26
4813102,3200,ML,2.3,WEST VIRGINIA,2014-04-28 20:59:53
4369790,7700,ML,1.9,WEST VIRGINIA,2013-06-06 16:10:28
4369806,12400,ML,2.1,WEST VIRGINIA,2013-06-07 17:29:14
4369854,6100,ML,2.5,WEST VIRGINIA,2013-06-12 14:40:49
4820664,13900,ML,2.4,PENNSYLVANIA,2014-07-14 18:06:05
4815794,4600,ML,1.8,PENNSYLVANIA,2014-06-30 14:56:30
4820698,5700,ML,2.3,PENNSYLVANIA,2014-07-17 17:28:54
4820762,14600,ML,2.4,WEST VIRGINIA,2014-07-23 21:33:08
4369869,16500,ML,2.3,WEST VIRGINIA,2013-06-13 0:19:50
4369870,14300,ML,2.7,WEST VIRGINIA,2013-06-13 0:22:31
4372702,13000,ML,1.9,WEST VIRGINIA,2013-07-29 5:52:21
4369143,4900,ML,2.4,WEST VIRGINIA,2013-05-06 19:17:44
4369182,19100,ML,2.4,PENNSYLVANIA,2013-05-08 17:24:53
4369198,5700,ML,2,WEST VIRGINIA,2013-05-09 16:02:22
4488497,11700,ML,2.1,PENNSYLVANIA,2013-10-11 17:16:35
4369228,12700,ML,2.5,PENNSYLVANIA,2013-05-10 17:58:45
4310450,10300,ML,2.8,WEST VIRGINIA,2013-02-13 22:12:39
4212956,2600,ML,2.4,WEST VIRGINIA,2012-07-18 16:02:33
4212962,8900,ML,2.5,WEST VIRGINIA,2012-07-18 20:00:46
4374388,1300,ML,2.7,WEST VIRGINIA,2013-09-24 21:16:41
4371817,1700,ML,2.7,WEST VIRGINIA,2013-08-03 19:24:54
4813095,4700,ML,2.7,WEST VIRGINIA,2014-04-26 17:28:55
4372183,1700,ML,2.4,WEST VIRGINIA,2013-08-24 17:26:00
4223478,22100,ML,2.8,WEST VIRGINIA,2013-01-18 17:37:57
5109345,10900,ML,2.1,NEW YORK,2014-12-01 20:01:42
4488236,9000,ML,2.6,WEST VIRGINIA,2013-11-27 14:35:44
4310987,10900,ML,2.6,WEST VIRGINIA,2013-04-18 17:22:22
4311050,3300,ML,2.7,WEST VIRGINIA,2013-04-23 18:20:16
4311051,9000,ML,2,WEST VIRGINIA,2013-04-23 18:33:10
4374373,13700,ML,1.9,NEW YORK,2013-09-24 14:33:32
4374430,5200,ML,2.7,PENNSYLVANIA,2013-09-27 17:22:03
4374469,7600,ML,1.9,"SOUTHERN QUEBEC, CANADA",2013-09-30 18:51:50
4488341,11400,ML,2.2,PENNSYLVANIA,2013-10-01 18:21:45
4488376,6800,ML,2.7,PENNSYLVANIA,2013-10-03 19:11:56
5005482,5300,ML,1.8,WEST VIRGINIA,2014-09-27 17:54:03
5006103,11700,ML,2,WEST VIRGINIA,2014-08-06 20:05:12
5006110,14500,ML,2,NEW YORK,2014-08-07 19:05:53
5006124,10000,ML,2,NEW YORK,2014-08-08 19:26:35
4488387,10900,ML,2.2,PENNSYLVANIA,2013-10-04 17:18:43
4310533,10500,ML,2.5,WEST VIRGINIA,2013-02-20 21:26:35
4488446,11100,ML,2.4,WEST VIRGINIA,2013-10-08 18:42:06
4487924,4100,ML,2.4,WEST VIRGINIA,2013-11-05 20:37:23
4487928,6400,ML,2.9,WEST VIRGINIA,2013-11-05 21:25:04
4212916,2700,ML,2.5,WEST VIRGINIA,2012-07-12 15:40:59
4488017,12000,ML,2.4,WEST VIRGINIA,2013-11-12 19:25:21
4488101,12000,ML,2.5,WEST VIRGINIA,2013-11-18 17:05:45
4488110,6500,ML,2.6,PENNSYLVANIA,2013-11-19 16:45:24
4488020,7700,ML,2.1,OHIO,2013-11-12 20:12:00
4767725,9000,ML,2.2,WEST VIRGINIA,2014-02-06 21:07:18
5005435,12000,ML,2.4,WEST VIRGINIA,2014-09-22 11:21:55
5005264,16500,ML,1.7,PENNSYLVANIA,2014-09-08 15:01:13
4599573,4100,ML,2.2,WEST VIRGINIA,2013-12-26 21:39:40
4599597,15100,ML,1.7,NEW YORK,2013-12-30 19:12:56
4638291,3700,ML,1.6,WEST VIRGINIA,2014-01-03 17:05:47
5005460,4700,ML,2.6,WEST VIRGINIA,2014-09-25 16:09:20
5005511,4100,ML,2.2,WEST VIRGINIA,2014-09-30 16:38:33
4767864,8900,ML,2,WEST VIRGINIA,2014-02-25 17:22:09
4638419,10700,ML,2.1,WEST VIRGINIA,2014-01-17 21:10:26
4638457,3400,ML,2.2,WEST VIRGINIA,2014-01-21 21:34:28
4766637,6900,ML,2.3,PENNSYLVANIA,2014-03-03 14:50:05
usp0006k6r,15500,mblg,2.9,New York,1994-09-29T22:49:20.750Z
usp0006u2q,5000,md,2.7,Pennsylvania,1995-03-11T21:10:16.030Z
4767720,13000,ML,2.3,PENNSYLVANIA,2014-02-06 18:47:35
5110272,6600,ML,1.9,PENNSYLVANIA,2014-11-06 18:19:26
4808423,14900,ML,2.2,NEW YORK,2014-05-07 16:13:33
4808442,13300,ML,2.2,PENNSYLVANIA,2014-05-08 19:42:08
4808497,12200,ML,2.2,NEW YORK,2014-05-14 18:00:01
4812995,4400,ML,2.3,WEST VIRGINIA,2014-04-10 21:56:34
4808371,4600,ML,2.6,WEST VIRGINIA,2014-05-01 20:48:31
4808548,11000,ML,1.5,VIRGINIA,2014-05-20 15:20:36
4217660,3900,ML,2.7,WEST VIRGINIA,2012-09-11 13:39:32
4217664,2100,ML,2.6,WEST VIRGINIA,2012-09-12 13:57:42
4213863,7000,ML,2.7,WEST VIRGINIA,2012-08-16 17:00:44
4217585,9600,ML,2.6,WEST VIRGINIA,2012-09-04 20:26:01
5110288,1800,ML,2.1,WEST VIRGINIA,2014-11-07 18:53:30
4217716,2300,ML,2.5,WEST VIRGINIA,2012-09-18 20:00:21
4217749,8900,ML,2.8,WEST VIRGINIA,2012-09-21 20:36:15
5007549,5000,ML,2.2,WEST VIRGINIA,2014-10-16 21:12:42
5007630,6700,ML,2.3,WEST VIRGINIA,2014-10-31 19:22:37
5110285,2800,ML,2.3,WEST VIRGINIA,2014-11-07 18:08:39
4223600,14700,ML,3,WEST VIRGINIA,2013-01-25 21:30:14
4217744,6700,ML,2.1,WEST VIRGINIA,2012-09-21 18:45:07
5110428,6300,ML,2.3,WEST VIRGINIA,2014-11-21 15:34:12
5007490,6900,ML,1.7,VIRGINIA,2014-10-07 18:31:24
5109405,10100,ML,2.3,NEW YORK,2014-12-24 17:04:34
4223610,5500,ML,3.1,WEST VIRGINIA,2013-01-26 17:30:10
5111657,9700,ML,2.5,WEST VIRGINIA,2015-01-09 20:08:35
5111658,13900,ML,2.5,WEST VIRGINIA,2015-01-09 20:57:38
5111668,7100,ML,2.5,PENNSYLVANIA,2015-01-12 20:53:22
5109408,8300,ML,2.1,WEST VIRGINIA,2014-12-28 14:53:18
4309630,1200,ML,2.9,WEST VIRGINIA,2012-11-26 21:04:06
4223441,1400,ML,2.5,WEST VIRGINIA,2013-01-16 16:01:35
4221066,5200,ML,2.8,WEST VIRGINIA,2012-12-20 21:41:25
4225463,200,ML,2.5,WEST VIRGINIA,2013-03-14 16:38:09
4225491,100,ML,2.4,WEST VIRGINIA,2013-03-15 20:40:28
4369292,500,ML,2.5,WEST VIRGINIA,2013-05-14 20:27:10
4225279,11500,ML,2.4,WEST VIRGINIA,2013-03-01 21:27:43
4310812,8300,ML,1.9,WEST VIRGINIA,2013-04-03 18:16:42
4372034,6100,ML,2.5,WEST VIRGINIA,2013-08-16 19:33:48
4372092,10300,ML,2.5,WEST VIRGINIA,2013-08-20 14:07:57
4372099,6600,ML,2.3,WEST VIRGINIA,2013-08-20 19:35:02
4372246,21100,ML,2.2,"SOUTHERN QUEBEC, CANADA",2013-08-29 16:08:03
4374001,13400,ML,2.2,PENNSYLVANIA,2013-09-03 18:53:11
4374049,5500,ML,2.5,WEST VIRGINIA,2013-09-05 19:51:40
5007535,4900,ML,2,NEW YORK,2014-10-14 14:34:56
5007604,13000,ML,2.1,NEW YORK,2014-10-28 16:06:40
5110310,14200,ML,2.1,WEST VIRGINIA,2014-11-10 16:33:29
5110374,10200,ML,2.2,WEST VIRGINIA,2014-11-14 20:51:13
5007500,6600,ML,2,CHESAPEAKE BAY REGION,2014-10-08 20:42:26
4310359,100,ML,2.1,WEST VIRGINIA,2013-02-06 21:39:37
4815732,17600,ML,2.1,NEW YORK,2014-06-23 16:03:17
4815741,14600,ML,1.9,NEW YORK,2014-06-24 16:28:48
4766809,400,ML,2.6,PENNSYLVANIA,2014-03-14 16:38:19
4225475,1400,ML,2.5,WEST VIRGINIA,2013-03-14 22:13:22
4221062,1900,ML,2.6,WEST VIRGINIA,2012-12-20 17:33:29
4766797,100,ML,2.3,WEST VIRGINIA,2014-03-13 20:29:23
4766974,900,ML,2.6,WEST VIRGINIA,2014-03-26 14:23:40
4766995,900,ML,2.3,WEST VIRGINIA,2014-03-27 20:00:01
5110437,100,ML,2.2,PENNSYLVANIA,2014-11-21 20:11:08
4217737,12300,ML,2.9,WEST VIRGINIA,2012-09-20 20:45:53
4217766,7000,ML,1.9,WEST VIRGINIA,2012-09-24 16:08:50
5005246,5100,ML,1.9,WEST VIRGINIA,2014-09-05 21:01:20
4767000,500,ML,2.4,WEST VIRGINIA,2014-03-27 20:55:41
4310973,2900,ML,2,WEST VIRGINIA,2013-04-17 19:05:03
5005274,600,ML,2.3,WEST VIRGINIA,2014-09-09 15:39:33
4225318,1500,ML,2.4,WEST VIRGINIA,2013-03-04 21:49:10
4369765,1300,ML,2.3,WEST VIRGINIA,2013-06-04 20:40:57
4815711,8600,ML,1.8,WEST VIRGINIA,2014-06-20 19:42:04
4488756,7100,ML,2.5,PENNSYLVANIA,2013-10-31 18:15:20
5111711,2600,ML,2.4,WEST VIRGINIA,2015-01-17 18:47:14
4487885,4400,ML,2.3,WEST VIRGINIA,2013-11-02 19:45:08
5113586,15800,ML,1.9,NEW YORK,2015-02-06 19:50:19
5114929,3800,ML,2.6,WEST VIRGINIA,2015-03-04 18:21:45
5114956,16600,ML,2,NEW YORK,2015-03-11 18:54:47
5115008,14400,ML,2.5,PENNSYLVANIA,2015-03-23 18:06:41
5115017,3900,ML,2,NEW YORK,2015-03-24 19:40:05
4223612,2000,ML,2.4,WEST VIRGINIA,2013-01-26 18:29:41
5110303,100,ML,2.3,WEST VIRGINIA,2014-11-08 20:59:56
5005207,100,ML,2.5,WEST VIRGINIA,2014-09-02 19:27:52
5005304,100,ML,2.6,WEST VIRGINIA,2014-09-11 20:09:12
5005382,700,ML,2.1,WEST VIRGINIA,2014-09-16 19:47:17
5007613,600,ML,2.3,WEST VIRGINIA,2014-10-29 18:18:42
5110236,200,ML,2.3,WEST VIRGINIA,2014-11-03 21:09:06
4310459,14300,ML,2.7,WEST VIRGINIA,2013-02-14 18:38:05
4310425,12500,ML,2.8,WEST VIRGINIA,2013-02-12 20:57:41
4310462,4400,ML,2.5,WEST VIRGINIA,2013-02-14 19:11:16
4310484,6000,ML,2.6,WEST VIRGINIA,2013-02-15 22:57:49
4220875,10100,ML,2.4,WEST VIRGINIA,2012-12-03 21:11:00
5115025,2600,ML,2,WEST VIRGINIA,2015-03-26 19:29:43
5115027,5700,ML,2.5,PENNSYLVANIA,2015-03-27 19:48:11
5111745,16900,ML,1.9,NEW YORK,2015-01-22 17:06:03
4225667,600,ML,2.2,WEST VIRGINIA,2013-03-27 13:27:16
4310917,400,ML,2.2,WEST VIRGINIA,2013-04-12 21:10:02
4217715,500,ML,2.9,WEST VIRGINIA,2012-09-18 19:55:54
4225290,2900,ML,2.6,WEST VIRGINIA,2013-03-02 19:11:30
4225507,7800,ML,2.2,WEST VIRGINIA,2013-03-16 13:16:03
4369890,15500,ML,2.5,WEST VIRGINIA,2013-06-15 19:41:32
4309470,3900,ML,2.7,WEST VIRGINIA,2012-11-03 18:14:02
4310427,4200,ML,2.9,WEST VIRGINIA,2013-02-12 21:21:28
4310466,9400,ML,2.5,WEST VIRGINIA,2013-02-14 20:59:48
4225336,4000,ML,2.5,WEST VIRGINIA,2013-03-05 20:29:12
4225338,17800,ML,2.3,PENNSYLVANIA,2013-03-05 20:51:20
4311065,3700,ML,2.6,WEST VIRGINIA,2013-04-24 20:14:07
4311089,4400,ML,2.4,WEST VIRGINIA,2013-04-26 16:24:12
4369419,4600,ML,2.5,WEST VIRGINIA,2013-05-20 20:52:31
4369438,13500,ML,2.5,PENNSYLVANIA,2013-05-21 19:49:31
4369457,9600,ML,2.5,PENNSYLVANIA,2013-05-22 18:06:48
4369479,8200,ML,2.6,WEST VIRGINIA,2013-05-23 19:44:51
4369483,5200,ML,2.2,WEST VIRGINIA,2013-05-23 20:39:09
4372004,1600,ML,2.6,PENNSYLVANIA,2013-08-15 18:54:19
4310430,14400,ML,2.6,WEST VIRGINIA,2013-02-12 22:05:40
4371834,10300,ML,2.2,PENNSYLVANIA,2013-08-05 18:16:10
4310435,3100,ML,2.6,WEST VIRGINIA,2013-02-13 13:09:18
4310471,2300,ML,2.7,WEST VIRGINIA,2013-02-15 17:03:03
4310480,6100,ML,2.3,WEST VIRGINIA,2013-02-15 21:00:48
4369607,7900,ML,2.3,PENNSYLVANIA,2013-05-30 17:46:02
usp0008amt,5000,mblg,3,Pennsylvania,1997-11-14T03:44:11.050Z
usp0008r6w,100,mblg,2.5,New York,1998-07-09T01:52:13.130Z
4225453,9300,ML,2.6,WEST VIRGINIA,2013-03-13 16:44:57
4225489,2500,ML,2.7,WEST VIRGINIA,2013-03-15 20:23:21
4638417,1000,ML,2.6,PENNSYLVANIA,2014-01-17 20:22:40
4369621,1000,ML,2.3,WEST VIRGINIA,2013-05-31 20:03:24
4371997,400,ML,2.1,WEST VIRGINIA,2013-08-15 15:38:23
4820752,7700,ML,2.3,WEST VIRGINIA,2014-07-22 20:45:07
4820739,17700,ML,2,NEW YORK,2014-07-21 17:32:20
4310495,6300,ML,1.9,WEST VIRGINIA,2013-02-16 15:45:03
4488046,1900,ML,2.5,WEST VIRGINIA,2013-11-14 17:13:52
5110243,10300,ML,2.5,VIRGINIA,2014-11-04 17:04:17
5110248,4300,ML,1.6,CHESAPEAKE BAY REGION,2014-11-04 21:30:03
5110256,16900,ML,2.2,PENNSYLVANIA,2014-11-05 20:54:06
4488383,12500,ML,2.6,NEW YORK,2013-10-04 15:18:51
4488447,11000,ML,2.4,PENNSYLVANIA,2013-10-08 19:01:00
4374135,5800,ML,2.4,WEST VIRGINIA,2013-09-10 21:42:38
4225635,2300,ML,2.5,WEST VIRGINIA,2013-03-25 15:42:59
4225715,13700,ML,2.7,WEST VIRGINIA,2013-03-29 20:07:36
4310865,11900,ML,2.2,WEST VIRGINIA,2013-04-09 14:32:49
4310866,2700,ML,2.3,WEST VIRGINIA,2013-04-09 16:35:16
4371895,14900,ML,2.2,PENNSYLVANIA,2013-08-08 18:29:46
4371955,3100,ML,1.9,PENNSYLVANIA,2013-08-12 20:54:20
4813105,11100,ML,2,NEW YORK,2014-04-29 15:55:48
4813107,12400,ML,2.1,NEW YORK,2014-04-29 17:02:37
4808368,14900,ML,2.1,NEW YORK,2014-05-01 19:04:13
4372091,500,ML,2.6,WEST VIRGINIA,2013-08-20 12:55:48
4766909,100,ML,2.2,WEST VIRGINIA,2014-03-21 20:13:47
4813001,700,ML,2.2,PENNSYLVANIA,2014-04-11 19:15:32
4767694,800,ML,2.4,PENNSYLVANIA,2014-02-03 18:19:59
4767884,700,ML,2.2,WEST VIRGINIA,2014-02-27 21:57:26
4220925,3500,ML,2.8,WEST VIRGINIA,2012-12-07 21:14:32
4488183,2000,ML,1.8,WEST VIRGINIA,2013-11-23 18:36:25
4225611,12000,ML,2.4,WEST VIRGINIA,2013-03-23 17:28:44
4374215,2100,ML,2.4,WEST VIRGINIA,2013-09-14 22:45:56
4638551,1700,ML,2.5,WEST VIRGINIA,2014-01-29 21:27:16
4370044,9800,ML,2.3,PENNSYLVANIA,2013-06-28 20:48:17
5109364,6000,ML,1.9,PENNSYLVANIA,2014-12-05 15:20:05
5109371,3800,ML,2.5,WEST VIRGINIA,2014-12-08 20:58:49
5109379,7000,ML,1.9,PENNSYLVANIA,2014-12-11 19:17:10
5111777,200,ML,2.6,WEST VIRGINIA,2015-01-26 21:21:59
5114925,200,ML,2.5,WEST VIRGINIA,2015-03-03 20:18:18
4370045,14100,ML,2.3,WEST VIRGINIA,2013-06-28 21:01:17
4372543,14900,ML,2.2,WEST VIRGINIA,2013-07-12 13:33:02
4372575,3100,ML,2.6,WEST VIRGINIA,2013-07-15 17:07:59
4372591,3000,ML,2.6,WEST VIRGINIA,2013-07-16 20:18:13
4372706,15200,ML,2.4,WEST VIRGINIA,2013-07-29 16:59:17
4488681,14900,ML,2.5,VIRGINIA,2013-10-25 16:12:39
usp0001jf6,2000,mblg,2.6,Pennsylvania,1982-02-03T04:28:20.600Z
usp0002ka4,5000,md,2.7,New York,1985-09-30T04:08:56.390Z
5114950,6000,ML,2,PENNSYLVANIA,2015-03-10 14:20:11
5114974,3000,ML,2.3,PENNSYLVANIA,2015-03-13 14:25:02
5153924,5700,ML,1.9,NEW YORK,2015-05-08 14:43:50
4820731,3300,ML,2,WEST VIRGINIA,2014-07-19 15:58:47
4820734,4200,ML,2.2,WEST VIRGINIA,2014-07-19 19:58:53
4371816,9800,ML,2.2,WEST VIRGINIA,2013-08-03 19:19:06
4371820,16600,ML,2.2,WEST VIRGINIA,2013-08-03 22:30:22
4488184,4000,ML,2.5,WEST VIRGINIA,2013-11-23 18:38:59
4767705,11400,ML,2.1,PENNSYLVANIA,2014-02-04 17:35:13
4766696,4300,ML,2.4,WEST VIRGINIA,2014-03-07 20:51:18
4767825,14900,ML,2.4,WEST VIRGINIA,2014-02-19 21:41:02
4766857,10700,ML,2.1,NEW YORK,2014-03-18 20:02:27
4813002,3800,ML,1.9,WEST VIRGINIA,2014-04-11 20:43:00
usp000fkzh,2000,ml,3.2,New York,2007-08-30T03:47:45.720Z
4372287,100,ML,2,WEST VIRGINIA,2013-08-31 18:02:21
4638504,500,ML,2,WEST VIRGINIA,2014-01-25 16:41:39
4225509,3700,ML,2.1,WEST VIRGINIA,2013-03-16 15:38:53
4488558,300,ML,1.5,NEW YORK,2013-10-15 17:00:06
4310959,12900,ML,2.7,WEST VIRGINIA,2013-04-16 20:14:59
4488118,100,ML,2.4,WEST VIRGINIA,2013-11-19 21:07:59
4638298,500,ML,2.6,WEST VIRGINIA,2014-01-03 21:55:27
4638385,900,ML,2.3,PENNSYLVANIA,2014-01-14 18:40:45
4638547,500,ML,2.5,WEST VIRGINIA,2014-01-29 20:51:19
5006166,7800,ML,2.7,WEST VIRGINIA,2014-08-13 21:33:29
4225275,4300,ML,2.2,WEST VIRGINIA,2013-03-01 20:54:27
4221051,11400,ML,2.7,WEST VIRGINIA,2012-12-19 20:29:38
4223596,2700,ML,2.4,WEST VIRGINIA,2013-01-25 20:42:24
4223598,14300,ML,2.7,WEST VIRGINIA,2013-01-25 21:11:58
4223599,9200,ML,2.7,WEST VIRGINIA,2013-01-25 21:18:26
4766623,1000,ML,1.8,WEST VIRGINIA,2014-03-01 16:46:13
4311024,2600,ML,2.2,WEST VIRGINIA,2013-04-20 22:27:24
4225281,10400,ML,2.3,WEST VIRGINIA,2013-03-01 21:44:17
4225471,14900,ML,2.6,WEST VIRGINIA,2013-03-14 21:03:41
4225487,11100,ML,2.4,WEST VIRGINIA,2013-03-15 19:39:46
4225465,15500,ML,2.6,WEST VIRGINIA,2013-03-14 19:01:10
4213059,10100,ML,2.7,WEST VIRGINIA,2012-07-31 15:39:33
4820654,12500,ML,2.2,WEST VIRGINIA,2014-07-12 17:46:02
5111764,2200,ML,2.6,WEST VIRGINIA,2015-01-24 16:37:35
4310529,6800,ML,2.7,WEST VIRGINIA,2013-02-20 16:41:49
4310557,3600,ML,3,WEST VIRGINIA,2013-02-22 21:10:18
4369148,10700,ML,2.4,WEST VIRGINIA,2013-05-06 21:35:05
4369191,8200,ML,2.5,WEST VIRGINIA,2013-05-08 22:04:04
5005287,14300,ML,2.1,NEW YORK,2014-09-10 15:55:37
5005292,6100,ML,2.1,PENNSYLVANIA,2014-09-10 18:02:21
5111719,5000,ML,2.7,VIRGINIA,2015-01-19 19:16:31
4808636,1500,ML,2,WEST VIRGINIA,2014-05-30 16:27:37
4820590,1100,ML,2.1,PENNSYLVANIA,2014-07-08 17:45:42
4220889,700,ML,2.7,WEST VIRGINIA,2012-12-04 21:50:05
4820705,1000,ML,2.1,WEST VIRGINIA,2014-07-17 21:01:29
usp000jyg3,5000,ml,2.4,New York,2013-01-16T13:46:38.700Z
ld60032203,9900,ml,2.7,"1km W of Ormstown, Canada",2013-12-21T15:21:16.200Z
5006159,15500,ML,2,NEW YORK,2014-08-13 17:34:13
5007511,14200,ML,1.9,NEW YORK,2014-10-10 16:30:31
4225610,9000,ML,2.6,WEST VIRGINIA,2013-03-23 14:38:11
5007536,13700,ML,2.1,NEW YORK,2014-10-14 17:01:19
5007545,11800,ML,2.2,NEW YORK,2014-10-16 19:28:39
5007564,14100,ML,2.5,WEST VIRGINIA,2014-10-21 19:16:41
5109407,5500,ML,2.9,WEST VIRGINIA,2014-12-27 21:22:15
5114978,6400,ML,2.4,WEST VIRGINIA,2015-03-14 14:19:53
4219219,11000,ML,2.8,WEST VIRGINIA,2012-10-27 17:31:53
5110377,7300,ML,2.4,WEST VIRGINIA,2014-11-14 21:35:05
5110392,2300,ML,1.6,PENNSYLVANIA,2014-11-17 17:59:16
5110400,9600,ML,2.4,WEST VIRGINIA,2014-11-18 18:59:52
4488459,26200,ML,2.7,WEST VIRGINIA,2013-10-09 16:18:55
ld60064701,9400,ml,1.63,"11km W of Dannemora, New York",2014-02-23T02:19:09.070Z
ld60034308,2540,ml,3,"2km SSW of Lowellville, Ohio",2014-03-10T06:26:45.900Z
4219110,1300,ML,2.8,WEST VIRGINIA,2012-10-17 16:39:38
4310392,14900,ML,2.5,WEST VIRGINIA,2013-02-08 21:11:38
4310493,2300,ML,2.1,WEST VIRGINIA,2013-02-16 15:23:11
4310500,8500,ML,2,WEST VIRGINIA,2013-02-16 20:59:05
4225403,2100,ML,2.4,WEST VIRGINIA,2013-03-09 19:14:29
4311103,18400,ML,2.6,WEST VIRGINIA,2013-04-27 17:35:09
4372640,7400,ML,2.1,WEST VIRGINIA,2013-07-20 19:59:21
4225293,1700,ML,2.5,WEST VIRGINIA,2013-03-02 22:23:18
4225339,14900,ML,2.6,WEST VIRGINIA,2013-03-05 21:03:28
4225342,6400,ML,2.6,WEST VIRGINIA,2013-03-05 22:02:57
4225372,6600,ML,2.5,WEST VIRGINIA,2013-03-07 20:55:34
4225374,5500,ML,2.2,WEST VIRGINIA,2013-03-07 21:19:45
ld60086416,5000,ml,1.85,"31km NW of Warrensburg, New York",2015-02-05T14:55:12.980Z
ld60041403,6070,ml,1.65,"24km WSW of Malone, New York",2015-02-08T09:34:30.170Z
ld60041708,5000,ml,1.93,"21km SSE of Hannawa Falls, New York",2015-02-14T04:47:19.210Z
se60004308,5740,md,2.39,"11km E of Bland, Virginia",2015-02-17T10:24:38.640Z
usp00091qc,3000,md,2.5,New York,1999-01-25T20:12:30.000Z
usp000cc1v,1000,mblg,2.7,Pennsylvania,2003-11-04T13:37:31.800Z
4372686,3800,ML,2.5,WEST VIRGINIA,2013-07-25 21:27:56
4372641,9300,ML,2,WEST VIRGINIA,2013-07-20 22:29:02
4372699,7900,ML,2,WEST VIRGINIA,2013-07-27 22:52:50
ld60059656,12000,ml,1.8,"1km SW of Rye Brook, New York",2014-02-01T12:33:00.400Z
ld60074201,5000,ml,1.2,"4km SW of Ringwood, New Jersey",2014-07-18T15:43:50.880Z
4225618,14100,ML,2.4,WEST VIRGINIA,2013-03-23 20:12:49
4372569,2000,ML,1.9,WEST VIRGINIA,2013-07-14 18:30:54
4488514,10700,ML,2,NEW YORK,2013-10-12 16:40:50
4488146,1700,ML,2.4,WEST VIRGINIA,2013-11-21 17:44:16
4369251,8400,ML,2.2,WEST VIRGINIA,2013-05-11 13:23:11
4369238,3400,ML,2.4,WEST VIRGINIA,2013-05-10 21:09:45
4369274,5000,ML,2.6,WEST VIRGINIA,2013-05-13 19:47:49
4766884,11200,ML,2.7,PENNSYLVANIA,2014-03-20 19:14:58
4766899,15600,ML,1.9,NEW YORK,2014-03-21 15:50:41
4309511,7300,ML,2.6,WEST VIRGINIA,2012-11-08 21:14:05
4309582,12600,ML,2.9,WEST VIRGINIA,2012-11-20 21:48:27
4309515,5400,ML,2.7,WEST VIRGINIA,2012-11-09 17:45:03
4766951,14000,ML,2.5,PENNSYLVANIA,2014-03-24 19:54:27
usp0000eu9,15000,lg,2.8,West Virginia,1976-01-30T18:58:49.800Z
usp0000t83,5000,,2.1,New York,1978-03-05T07:53:25.600Z
usp0000ukh,6000,,1.5,"Greater New York area, New Jersey",1978-05-18T01:29:37.900Z
4310454,1300,ML,2.4,WEST VIRGINIA,2013-02-14 16:15:50
4309566,5800,ML,2.9,WEST VIRGINIA,2012-11-17 19:20:04
4220856,2400,ML,2.5,WEST VIRGINIA,2012-12-01 16:04:47
4213045,31500,ML,2.2,WEST VIRGINIA,2012-07-28 16:45:51
4212970,400,ML,3.4,WEST VIRGINIA,2012-07-19 20:31:37
4219060,2500,ML,3.5,WEST VIRGINIA,2012-10-11 20:31:25
4219092,4300,ML,3,WEST VIRGINIA,2012-10-15 20:49:10
4219100,2900,ML,2.4,WEST VIRGINIA,2012-10-16 19:46:41
4310515,14300,ML,2.4,PENNSYLVANIA,2013-02-18 21:38:54
4223668,10600,ML,2.7,WEST VIRGINIA,2013-01-31 21:25:55
4310323,15200,ML,2.1,WEST VIRGINIA,2013-02-04 20:53:20
5153928,11000,ML,2.2,NEW YORK,2015-05-08 17:14:18
4223363,5000,ML,2.6,WEST VIRGINIA,2013-01-09 21:44:16
4223372,3100,ML,2.9,WEST VIRGINIA,2013-01-10 16:38:18
4223451,9600,ML,2.6,WEST VIRGINIA,2013-01-16 21:04:51
4223454,11800,ML,2.6,WEST VIRGINIA,2013-01-17 15:04:58
4370001,5300,ML,2.2,WEST VIRGINIA,2013-06-26 12:46:24
4310501,10100,ML,1.9,WEST VIRGINIA,2013-02-16 21:29:24
4310308,8700,ML,2.1,WEST VIRGINIA,2013-02-02 18:26:38
5109382,2600,ML,2.2,WEST VIRGINIA,2014-12-15 0:09:54
5111690,9200,ML,2.1,PENNSYLVANIA,2015-01-15 7:52:54
4310514,11400,ML,2.4,WEST VIRGINIA,2013-02-18 20:42:44
4310520,14900,ML,2.4,WEST VIRGINIA,2013-02-19 16:11:03
4310546,11400,ML,2.7,WEST VIRGINIA,2013-02-21 21:06:03
4371837,8300,ML,2.6,WEST VIRGINIA,2013-08-05 18:34:12
4310558,10500,ML,2.6,WEST VIRGINIA,2013-02-22 21:33:19
4369527,2700,ML,2.7,WEST VIRGINIA,2013-05-24 19:41:52
4369592,5300,ML,2.5,WEST VIRGINIA,2013-05-29 19:42:27
4310497,2400,ML,2.4,WEST VIRGINIA,2013-02-16 18:29:55
4372435,6000,ML,1.8,PENNSYLVANIA,2013-07-03 0:56:14
4374260,3100,ML,2.4,WEST VIRGINIA,2013-09-18 15:19:54
4374224,6200,ML,2.1,PENNSYLVANIA,2013-09-16 14:36:32
ld60039203,2920,ml,1.7,"5km S of Lake Erie Beach, New York",2014-11-29T04:18:26.590Z
4372523,14000,ML,1.7,WEST VIRGINIA,2013-07-11 5:16:37
4372687,6500,ML,2.1,WEST VIRGINIA,2013-07-25 23:08:53
4812988,8700,ML,2,NEW YORK,2014-04-10 18:55:02
4812996,3100,ML,2.4,WEST VIRGINIA,2014-04-11 13:54:17
4808545,10600,ML,2.3,WEST VIRGINIA,2014-05-19 21:13:55
4808549,12000,ML,2,NEW YORK,2014-05-20 16:02:03
4808630,12400,ML,2.3,PENNSYLVANIA,2014-05-29 19:48:15
4808638,5900,ML,2.1,NEW YORK,2014-05-30 17:09:05
4815558,6200,ML,1.7,NEW YORK,2014-06-05 14:10:43
4815562,16200,ML,1.8,NEW YORK,2014-06-05 17:29:21
4815773,15000,ML,1.6,NEW YORK,2014-06-27 17:25:09
4820552,16700,ML,2.3,NEW YORK,2014-07-03 15:24:39
4815639,9700,ML,1.9,WEST VIRGINIA,2014-06-13 15:57:15
4820632,10000,ML,2.3,PENNSYLVANIA,2014-07-11 14:09:48
4808483,1000,ML,2.8,WEST VIRGINIA,2014-05-13 0:18:39
4808587,200,ML,2.4,WEST VIRGINIA,2014-05-23 20:03:45
4223488,3700,ML,2.5,WEST VIRGINIA,2013-01-18 21:50:11
4223515,14200,ML,2.7,WEST VIRGINIA,2013-01-21 18:39:02
4223523,13500,ML,2.7,WEST VIRGINIA,2013-01-21 21:51:52
4223534,14100,ML,2.5,WEST VIRGINIA,2013-01-22 20:57:02
4223557,3800,ML,2.8,WEST VIRGINIA,2013-01-23 21:22:32
4223580,8000,ML,2.9,WEST VIRGINIA,2013-01-24 21:19:32
4487941,2700,ML,2.5,PENNSYLVANIA,2013-11-06 18:20:48
4488204,12800,ML,2.5,PENNSYLVANIA,2013-11-25 19:33:53
4369248,17900,ML,2,OHIO,2013-05-10 23:22:36
4820755,13300,ML,1.6,VIRGINIA,2014-07-23 16:12:59
4220912,200,ML,2.8,WEST VIRGINIA,2012-12-06 20:14:51
4221103,600,ML,2.6,WEST VIRGINIA,2012-12-26 21:38:07
4223312,100,ML,2.7,WEST VIRGINIA,2013-01-04 21:45:03
5109400,1300,ML,2.4,WEST VIRGINIA,2014-12-19 19:22:55
5111680,1300,ML,1.7,WEST VIRGINIA,2015-01-13 20:55:35
5114921,1200,ML,2.5,WEST VIRGINIA,2015-03-02 21:58:31
4311041,400,ML,2.5,WEST VIRGINIA,2013-04-22 20:55:59
4219162,7400,ML,2.7,WEST VIRGINIA,2012-10-22 19:24:16
4219196,3900,ML,2.6,WEST VIRGINIA,2012-10-25 18:09:18
4223649,13300,ML,2.2,WEST VIRGINIA,2013-01-29 21:48:27
4223654,12900,ML,2.9,WEST VIRGINIA,2013-01-30 17:46:24
4223671,3400,ML,2.9,WEST VIRGINIA,2013-01-31 21:53:39
4310292,10200,ML,2.4,WEST VIRGINIA,2013-02-01 20:59:23
4310293,14200,ML,2.7,WEST VIRGINIA,2013-02-01 21:08:14
4225375,3900,ML,2.8,WEST VIRGINIA,2013-03-07 21:27:05
4225387,2200,ML,2.9,WEST VIRGINIA,2013-03-08 20:43:57
4225429,14900,ML,2.6,WEST VIRGINIA,2013-03-11 20:22:26
4225446,11000,ML,2.6,WEST VIRGINIA,2013-03-12 19:41:17
4225537,4500,ML,2.6,WEST VIRGINIA,2013-03-18 21:08:10
5005243,1200,ML,2.1,WEST VIRGINIA,2014-09-05 17:02:20
4310991,11800,ML,2.4,WEST VIRGINIA,2013-04-18 20:15:11
4374244,5900,ML,2.6,WEST VIRGINIA,2013-09-17 20:34:58
4369627,12600,ML,2.4,WEST VIRGINIA,2013-05-31 21:01:24
4374281,11600,ML,2.2,NEW YORK,2013-09-19 15:57:15
4369240,1800,ML,2.5,WEST VIRGINIA,2013-05-10 21:18:44
4371966,1600,ML,2.7,WEST VIRGINIA,2013-08-13 20:14:15
4488339,15400,ML,1.8,NEW YORK,2013-10-01 15:58:41
5007476,14900,ML,2.2,PENNSYLVANIA,2014-10-06 13:45:14
4766990,6100,ML,2,WEST VIRGINIA,2014-03-27 16:10:11
4767008,5700,ML,2.7,WEST VIRGINIA,2014-03-28 16:44:56
4812920,3800,ML,2.2,WEST VIRGINIA,2014-04-02 19:01:32
4812963,4300,ML,1.6,VIRGINIA,2014-04-07 20:15:19
5005341,7900,ML,2.2,WEST VIRGINIA,2014-09-13 15:38:17
usp000gdb5,1000,md,2.1,New Jersey,2008-07-28T15:20:09.500Z
4812959,10700,ML,2.2,WEST VIRGINIA,2014-04-07 10:37:26
usp000fgz6,15000,md,3.1,New York,2007-07-24T01:56:48.790Z
usp000fjdd,5000,ml,2.6,"southern Ontario, Canada",2007-08-11T07:31:20.000Z
usp000fpbd,5000,mblg,2.8,"Lake Erie, Ohio",2007-09-28T08:46:05.810Z
usp000fubs,7000,md,2.6,New York,2007-12-13T03:29:24.000Z
usp000g0z6,6000,md,2.7,New York,2008-03-08T11:48:44.100Z
usp000g1gm,3000,md,2.3,New York,2008-03-14T22:42:31.600Z
5109378,13900,ML,2.4,PENNSYLVANIA,2014-12-11 18:58:25
5111774,16500,ML,2.2,NEW YORK,2015-01-26 20:07:11
4813014,13500,ML,2.3,PENNSYLVANIA,2014-04-14 19:00:24
usp000gxw4,5000,md,2.9,New York,2009-06-05T15:07:52.000Z
usp000grwk,1000,,0,Pennsylvania,2008-12-31T05:34:08.800Z
usp000gt45,7000,mblg,2.3,New York,2009-01-26T06:55:28.000Z
usp000gtz4,2000,md,2.4,"Greater New York area, New Jersey",2009-02-14T22:22:22.000Z
usp000gu4z,9000,md,2.7,New York,2009-02-18T03:41:50.720Z
usp000gu5q,10000,md,2.4,New York,2009-02-18T16:20:23.000Z
usp000gu7q,8000,md,2.7,New York,2009-02-20T18:04:19.700Z
usp000guat,7000,md,2.1,New York,2009-02-23T15:46:20.290Z
usp000gv9z,16000,md,2.8,New York,2009-03-22T09:21:01.270Z
4815551,13100,ML,1.7,PENNSYLVANIA,2014-06-04 13:09:10
4815591,15800,ML,2.4,NEW YORK,2014-06-09 15:16:06
4815633,12300,ML,2.1,PENNSYLVANIA,2014-06-12 20:09:06
4820517,15600,ML,2,NEW YORK,2014-07-01 14:15:43
4820543,13300,ML,2.1,NEW YORK,2014-07-02 19:24:04
4820585,15000,ML,1.4,VIRGINIA,2014-07-08 14:27:47
5111763,5300,ML,2.4,WEST VIRGINIA,2015-01-23 22:08:21
5005372,9200,ML,2.8,WEST VIRGINIA,2014-09-15 22:53:27
5007513,12500,ML,2.2,PENNSYLVANIA,2014-10-10 18:31:22
4808618,14600,ML,2.2,NEW YORK,2014-05-28 15:26:38
usp000hn29,23900,md,2.4,New York,2010-10-13T17:30:43.500Z
usp000hc1v,100,mblg,2.6,West Virginia,2010-04-29T01:36:21.000Z
usp000hc2p,1100,mblg,2.7,West Virginia,2010-04-29T12:38:53.000Z
usp000hc39,5000,mblg,2.5,West Virginia,2010-04-29T23:26:39.470Z
usp000hcfs,100,md,2.4,West Virginia,2010-05-08T03:03:00.000Z
usp000hdhe,8000,md,2.5,New York,2010-06-03T09:35:39.000Z
usp000hdhp,1500,ml,2.9,Pennsylvania,2010-06-03T12:25:02.930Z
usp000hdna,5000,md,2.3,"Greater New York area, New Jersey",2010-06-06T08:13:45.000Z
4815632,12900,ML,2.4,PENNSYLVANIA,2014-06-12 16:31:49
4815645,9200,ML,2.4,WEST VIRGINIA,2014-06-13 20:50:56
4815619,22800,ML,1.9,PENNSYLVANIA,2014-06-11 15:06:04
4815660,11300,ML,1.5,NEW YORK,2014-06-17 14:39:23
4808550,2300,ML,2.6,WEST VIRGINIA,2014-05-20 16:12:05
4815745,11900,ML,2.3,NEW YORK,2014-06-24 18:36:34
4815762,16700,ML,2.1,NEW YORK,2014-06-26 16:24:15
4815637,5600,ML,2.9,WEST VIRGINIA,2014-06-13 0:21:26
usp000j389,8200,ml,2.6,New York,2011-06-16T04:03:17.000Z
usp000j47r,5000,ml,0.4,"Greater Philadelphia area, Pennsylvania",2011-07-06T06:37:50.910Z
usp000j6z7,5000,mwr,3,New York,2011-08-24T17:14:32.600Z
usp000j6zc,5000,mblg,2.3,New York,2011-08-24T18:44:08.800Z
usp000j70d,12900,mblg,2.7,West Virginia,2011-08-25T05:59:13.000Z
usp000j70r,18000,ml,2.8,New York,2011-08-25T13:13:32.200Z
usp000j71b,20300,mblg,2.7,New York,2011-08-25T20:55:53.550Z
usp000j71v,22900,ml,2.2,New York,2011-08-26T04:55:20.000Z
usp000j74e,22100,ml,2.9,New York,2011-08-27T14:38:40.100Z
usp000j7ae,5000,mblg,2.8,Ohio,2011-08-31T09:35:12.410Z
usp000jvz9,5000,ml,2.2,"Greater Philadelphia area, New Jersey",2012-11-23T05:13:20.970Z
usp000jgbk,5000,mblg,2.6,West Virginia,2012-03-16T15:05:53.570Z
ld60023903,6400,Ml,1.8,"8km ENE of Broadalbin, New York",2013-02-16T07:44:26.500Z
usp000j8rd,5000,ml,2.5,"Youngstown-Akron urban area, Ohio",2011-09-30T00:52:38.710Z
usp000j9mc,6000,ml,2.2,"Youngstown-Akron urban area, Ohio",2011-10-20T22:41:10.820Z
usp000jb6u,5000,ml,2.4,New York,2011-11-21T07:16:51.500Z
usp000jck1,3500,mblg,2.7,"Youngstown-Akron urban area, Ohio",2011-12-24T06:24:57.380Z
usp000jcwa,5000,mwr,3.7,"Youngstown-Akron urban area, Ohio",2011-12-31T20:05:01.060Z
usp000jd5a,10000,ml,2.3,New York,2012-01-07T02:33:24.010Z
usp000jdvu,5000,ml,2.3,New York,2012-01-23T15:44:06.700Z
usp000jndf,5000,mblg,2.7,New York,2012-06-30T01:56:25.550Z
4820701,4500,ML,2.7,WEST VIRGINIA,2014-07-17 19:52:43
4820753,6600,ML,2.3,WEST VIRGINIA,2014-07-22 22:34:46
4815700,14900,ML,2.2,NEW YORK,2014-06-20 15:22:15
4820682,2400,ML,2.2,WEST VIRGINIA,2014-07-15 22:21:45
4815702,16400,ML,1.6,NEW YORK,2014-06-20 15:53:59
ld60026203,8200,Ml,1.2,"1km ESE of Norwood, New York",2013-05-02T01:54:06.300Z
ld60029103,5000,Ml,2,"25km NNE of Utica, New York",2013-07-27T04:50:45.100Z
se033113a,8100,Mw,3.4,"11km WSW of Sutton, West Virginia",2013-03-31T14:01:24.000Z
ld60025313,7500,Ml,1.7,"7km NNW of Brownville, New York",2013-04-01T11:28:05.600Z
4487970,7100,ML,2.7,PENNSYLVANIA,2013-11-08 19:11:28
ld60070801,5240,ml,01.02,"0km SW of Lindenwold, New Jersey",2014-06-19T04:09:50.930Z
ld60064006,11920,ml,1.65,"4km W of Altamont, New York",2014-02-08T12:34:21.520Z
ld60064231,5000,ml,2.18,"8km NNE of Greenville, Pennsylvania",2014-02-09T22:34:04.980Z
ld60064321,5000,ml,2.88,"39km SSW of Cobourg, Canada",2014-02-13T04:57:38.020Z
ld60034403,5000,ml,2.42,"3km SSW of Lowellville, Ohio",2014-03-10T06:42:44.280Z
ld60034408,5000,ml,2.23,"2km S of Lowellville, Ohio",2014-03-10T15:03:47.610Z
ld60065316,5000,ml,2.64,"2km S of Lowellville, Ohio",2014-03-10T15:44:06.780Z
ld60034503,5220,ml,2.1,"3km S of Lowellville, Ohio",2014-03-11T07:01:13.340Z
5006101,13900,ML,1.9,"SOUTHERN QUEBEC, CANADA",2014-08-06 16:11:49
5006158,9900,ML,2.6,CHESAPEAKE BAY REGION,2014-08-13 16:00:25
5006181,7800,ML,2.3,PENNSYLVANIA,2014-08-15 18:52:58
5006202,12700,ML,2,PENNSYLVANIA,2014-08-19 15:56:14
5006218,12500,ML,2,NEW JERSEY,2014-08-20 17:20:26
5006250,14900,ML,2.5,WEST VIRGINIA,2014-08-25 12:17:03
5006251,6400,ML,1.7,WEST VIRGINIA,2014-08-25 15:56:11
5006265,2700,ML,2,NEW YORK,2014-08-27 14:01:14
5006142,1800,ML,2.6,WEST VIRGINIA,2014-08-11 20:37:24
5006106,17000,ML,2.1,PENNSYLVANIA,2014-08-07 16:04:54
5006125,12100,ML,2.1,PENNSYLVANIA,2014-08-08 19:30:49
5006149,7600,ML,2.2,WEST VIRGINIA,2014-08-12 19:56:56
5006197,13200,ML,2.1,NEW YORK,2014-08-18 14:03:05
5006186,14000,ML,1.9,PENNSYLVANIA,2014-08-15 23:12:47
5005389,9000,ML,1.9,NEW YORK,2014-09-17 14:00:30
5005392,11500,ML,1.2,NEW YORK,2014-09-17 17:00:10
5005425,7200,ML,2.2,WEST VIRGINIA,2014-09-19 20:44:19
5005459,12100,ML,2.2,NEW YORK,2014-09-25 15:27:51
5005470,14800,ML,2.1,NEW YORK,2014-09-26 14:55:43
5005498,5200,ML,2.4,PENNSYLVANIA,2014-09-29 18:52:56
5005509,13300,ML,2.1,NEW YORK,2014-09-30 14:31:05
5005331,8200,ML,2,WEST VIRGINIA,2014-09-12 20:44:10
5005375,5000,ML,1.7,NEW YORK,2014-09-16 15:30:23
5005377,16000,ML,2.1,NEW YORK,2014-09-16 16:11:05
5005404,10100,ML,2.5,WEST VIRGINIA,2014-09-18 15:47:32
5005496,3700,ML,2.1,WEST VIRGINIA,2014-09-29 16:56:58
5005502,7000,ML,2.1,WEST VIRGINIA,2014-09-29 19:59:52
5005433,8700,ML,1.6,PENNSYLVANIA,2014-09-21 8:27:49
5111752,18300,ML,2.4,WEST VIRGINIA,2015-01-22 21:04:46
5111782,7100,ML,2.7,PENNSYLVANIA,2015-01-27 20:37:26
5113617,2100,ML,2.5,PENNSYLVANIA,2015-02-27 20:02:31
5114946,4300,ML,1.9,VIRGINIA,2015-03-09 19:58:02
5114955,7800,ML,3.1,WEST VIRGINIA,2015-03-11 17:27:49
5111781,1600,ML,2.4,WEST VIRGINIA,2015-01-27 18:01:08
5114968,8300,ML,2.3,NEW JERSEY,2015-03-12 18:00:48
5115007,12100,ML,2.2,NEW YORK,2015-03-23 17:56:55
5115009,4700,ML,1.8,NEW YORK,2015-03-23 20:48:36
5111737,6700,ML,2.8,WEST VIRGINIA,2015-01-21 21:34:08
5111749,13300,ML,2.5,PENNSYLVANIA,2015-01-22 20:14:39
5111794,3200,ML,1.9,PENNSYLVANIA,2015-01-29 15:31:03
5113592,12500,ML,2,PENNSYLVANIA,2015-02-12 18:58:51
5114958,4800,ML,2.6,WEST VIRGINIA,2015-03-11 21:09:15
5114922,4300,ML,2.8,OHIO,2015-03-03 6:44:31
5113609,1700,ML,2.7,WEST VIRGINIA,2015-02-26 5:18:10
5153934,13000,ML,1.9,"SOUTHERN QUEBEC, CANADA",2015-05-12 16:07:58
5153935,12300,ML,1.6,NEW YORK,2015-05-12 17:58:23
5153937,9900,ML,2.3,NEW YORK,2015-05-13 14:15:45
5153939,9900,ML,2.4,PENNSYLVANIA,2015-05-14 14:41:45
5153955,11000,ML,1.9,"SOUTHERN QUEBEC, CANADA",2015-05-20 16:09:50
5153960,3200,ML,1.8,"SOUTHERN QUEBEC, CANADA",2015-05-21 15:53:46
5153963,14000,ML,2.1,NEW YORK,2015-05-21 20:40:33
5153965,4300,ML,2.4,PENNSYLVANIA,2015-05-22 15:07:56
5153943,14100,ML,1.1,NEW YORK,2015-05-15 10:00:18
4599478,9100,ML,2.6,WEST VIRGINIA,2013-12-13 21:00:58
4599525,15700,ML,2.5,PENNSYLVANIA,2013-12-18 16:20:10
4599545,6100,ML,2,WEST VIRGINIA,2013-12-20 17:19:54
4217707,6200,ML,3.2,WEST VIRGINIA,2012-09-17 19:52:58
4488258,18300,ML,2,NEW YORK,2013-11-29 0:10:07
4309661,600,ML,3.2,WEST VIRGINIA,2012-11-30 20:54:03
4220852,20000,ML,2.6,OHIO,2012-12-01 7:32:01
4310424,12900,ML,2.5,WEST VIRGINIA,2013-02-12 20:17:26
4310465,13400,ML,2.5,WEST VIRGINIA,2013-02-14 20:59:15
4310616,6900,ML,2.4,WEST VIRGINIA,2013-02-27 23:09:09
4225324,7700,ML,2.5,WEST VIRGINIA,2013-03-05 12:50:34
4225539,2400,ML,3,WEST VIRGINIA,2013-03-18 21:17:09
4225546,12400,ML,2.5,WEST VIRGINIA,2013-03-19 11:40:32
4225552,7000,ML,2.7,WEST VIRGINIA,2013-03-19 20:08:20
4225555,10400,ML,2.1,WEST VIRGINIA,2013-03-19 20:54:22
4369522,9800,ML,2.3,OHIO,2013-05-24 18:05:56
4310492,12800,ML,2.5,WEST VIRGINIA,2013-02-16 15:03:47
4225292,10400,ML,2.3,WEST VIRGINIA,2013-03-02 19:59:34
4311020,7300,ML,2.6,WEST VIRGINIA,2013-04-20 19:08:48
4371838,14900,ML,2.3,WEST VIRGINIA,2013-08-05 19:12:31
4371915,14700,ML,2.3,PENNSYLVANIA,2013-08-09 18:01:09
4371948,11700,ML,2.3,WEST VIRGINIA,2013-08-12 13:33:27
4374121,2800,ML,2.5,WEST VIRGINIA,2013-09-10 11:48:13
4374271,6800,ML,2.4,PENNSYLVANIA,2013-09-18 20:42:14
4488495,12800,ML,2.3,WEST VIRGINIA,2013-10-11 16:04:13
4488570,12500,ML,2.2,WEST VIRGINIA,2013-10-16 18:12:38
4488712,4500,ML,1.9,WEST VIRGINIA,2013-10-28 16:08:04
usp0000dh6,15000,lg,3.2,West Virginia,1975-11-11T08:10:39.300Z
usp0001zwk,5000,mblg,2.2,Pennsylvania,1983-11-17T19:55:06.580Z
usp0008ndg,3200,md,2.4,Virginia,1998-05-20T01:53:28.020Z
4488111,16200,ML,1.9,PENNSYLVANIA,2013-11-19 17:10:02
4638405,12900,ML,2.5,WEST VIRGINIA,2014-01-16 13:34:32
4638442,3700,ML,2.6,WEST VIRGINIA,2014-01-20 21:03:00
4638495,8600,ML,2.5,PENNSYLVANIA,2014-01-24 19:16:59
4638522,6100,ML,2.4,PENNSYLVANIA,2014-01-27 18:26:01
4638561,5400,ML,2.3,PENNSYLVANIA,2014-01-30 14:18:26
4638576,6300,ML,2.5,PENNSYLVANIA,2014-01-31 20:14:10
4766747,7000,ML,2.3,WEST VIRGINIA,2014-03-10 19:40:58
4766760,2900,ML,3.1,WEST VIRGINIA,2014-03-11 20:14:09
4638514,4900,ML,2.6,WEST VIRGINIA,2014-01-25 21:10:50
usp0008pma,4600,md,3.3,New York,1998-06-09T08:53:51.000Z
usp000dp28,6600,md,1.9,"Greater New York area, New Jersey",2005-04-23T14:24:51.000Z
usp000jd61,12300,ml,2.1,New York,2012-01-07T12:56:57.000Z
ld60039503,5000,ml,02.04,"9km NNW of Brownville, New York",2014-11-26T01:33:38.170Z
4766664,15900,ML,2.4,OHIO,2014-03-05 3:05:17
4766836,2700,ML,1.9,PENNSYLVANIA,2014-03-17 17:55:45
4766848,5800,ML,2.5,PENNSYLVANIA,2014-03-18 15:30:30
4812922,8700,ML,2,"SOUTHERN QUEBEC, CANADA",2014-04-02 21:35:39
4813067,14000,ML,2.1,NEW YORK,2014-04-23 16:56:58
4813077,5200,ML,2.4,NEW YORK,2014-04-24 16:53:26
4813079,4900,ML,2.5,PENNSYLVANIA,2014-04-24 17:39:35
4808382,6400,ML,2.3,PENNSYLVANIA,2014-05-02 17:31:25
4808425,5500,ML,2.6,PENNSYLVANIA,2014-05-07 18:34:34
4808429,2800,ML,2.1,WEST VIRGINIA,2014-05-07 20:25:57
4808546,3800,ML,2.5,WEST VIRGINIA,2014-05-20 13:56:55
4808562,13900,ML,2,NEW YORK,2014-05-21 16:21:34
4808619,16300,ML,1.9,NEW YORK,2014-05-28 16:42:11
4815537,6000,ML,1.8,NEW YORK,2014-06-02 15:40:13
4815549,3400,ML,2.5,WEST VIRGINIA,2014-06-03 20:19:22
4815566,11200,ML,1.5,CHESAPEAKE BAY REGION,2014-06-06 6:57:39
4815636,6600,ML,2.3,WEST VIRGINIA,2014-06-12 23:13:48
4815654,15600,ML,2,NEW YORK,2014-06-16 16:15:26
4815661,10500,ML,1.9,NEW YORK,2014-06-17 15:23:02
4815663,9100,ML,2.6,PENNSYLVANIA,2014-06-17 15:43:30
4815747,4300,ML,2.2,PENNSYLVANIA,2014-06-24 19:56:16
4820536,5600,ML,1.9,NEW YORK,2014-07-02 16:05:22
4820584,13400,ML,1.6,WEST VIRGINIA,2014-07-08 14:07:01
4820588,7000,ML,1.9,NEW JERSEY,2014-07-08 17:20:04
4820589,12100,ML,1.9,NEW YORK,2014-07-08 17:23:11
4820604,13400,ML,2.1,NEW YORK,2014-07-09 17:27:34
4820661,3000,ML,2,NEW JERSEY,2014-07-14 15:00:10
4820675,5000,ML,2.2,WEST VIRGINIA,2014-07-15 17:07:26
4820791,400,ML,3.1,WEST VIRGINIA,2014-07-25 21:15:04
4820836,1800,ML,2.7,PENNSYLVANIA,2014-07-30 19:05:52
5006088,13600,ML,2.2,VIRGINIA,2014-08-04 16:02:14
5005200,1800,ML,2,WEST VIRGINIA,2014-09-02 16:02:40
5006091,7900,ML,2.4,WEST VIRGINIA,2014-08-04 20:20:21
5005239,1900,ML,2.1,WEST VIRGINIA,2014-09-05 13:25:42
5007565,7800,ML,2.3,NEW YORK,2014-10-21 19:57:35
5110342,3300,ML,2.5,WEST VIRGINIA,2014-11-12 21:41:49
5110439,2400,ML,2.2,WEST VIRGINIA,2014-11-21 21:10:25
5110473,14100,ML,1.8,NEW YORK,2014-11-26 18:12:37
5109399,10800,ML,2.5,PENNSYLVANIA,2014-12-19 16:48:31
5109411,4200,ML,2.1,NEW YORK,2014-12-29 16:07:12
5111717,9400,ML,2.1,VIRGINIA,2015-01-19 18:38:10
5153905,3600,ML,1.7,NEW YORK,2015-05-01 19:12:39
5153920,2200,ML,2.5,PENNSYLVANIA,2015-05-07 16:40:52
5153921,18600,ML,1.4,"SOUTHERN QUEBEC, CANADA",2015-05-07 20:42:03
5153975,5000,ML,1.9,"SOUTHERN QUEBEC, CANADA",2015-05-26 16:08:51
5153979,10000,ML,2,NEW YORK,2015-05-28 17:02:10
5110385,4500,ML,2,WEST VIRGINIA,2014-11-15 21:33:59
5006116,1200,ML,2.2,WEST VIRGINIA,2014-08-07 21:09:18
5006203,1200,ML,2.2,WEST VIRGINIA,2014-08-19 16:25:12
5005418,1200,ML,2.3,WEST VIRGINIA,2014-09-19 16:31:19
4369820,6400,ML,2.1,WEST VIRGINIA,2013-06-08 16:20:44
5110466,2900,ML,2.4,WEST VIRGINIA,2014-11-25 20:56:43
5109395,6700,ML,2,PENNSYLVANIA,2014-12-17 18:38:57
4371760,8600,ML,2.3,WEST VIRGINIA,2013-08-01 19:36:14
4371767,2400,ML,2.2,WEST VIRGINIA,2013-08-01 21:04:06
4371831,14100,ML,1.4,PENNSYLVANIA,2013-08-05 15:39:52
4813104,13300,ML,1.9,NEW YORK,2014-04-29 14:56:15
usp00029g6,14000,mblg,3.2,"Ontario-Quebec border region, Canada",1984-11-26T09:03:49.000Z
usp0002bdu,5200,md,2.2,New York,1985-01-26T19:06:46.970Z
usp0002fqj,11100,md,2.8,West Virginia,1985-06-10T12:22:38.300Z
usp0002kxs,5000,md,2,New York,1985-10-19T10:05:46.000Z
usp000gwa7,10000,md,2.2,New York,2009-04-18T00:43:29.570Z
usp000gwg6,1000,md,1.1,Pennsylvania,2009-04-22T13:21:14.160Z
usp000gwh8,1000,md,2.4,Pennsylvania,2009-04-23T22:26:04.000Z
usp000gwhm,1500,md,2.9,Pennsylvania,2009-04-24T05:36:48.810Z
usp000gwj0,5000,mblg,3.3,Ohio,2009-04-24T13:42:46.030Z
usp000gwq2,1000,md,2,Pennsylvania,2009-04-30T22:36:11.380Z
usp000gx0h,1000,md,1.3,Pennsylvania,2009-05-11T05:18:23.180Z
usp000gx8n,9000,md,3,New York,2009-05-18T00:53:29.930Z
usp000gx8v,6000,md,2.1,New York,2009-05-18T07:21:57.000Z
5110444,2800,ML,2.4,WEST VIRGINIA,2014-11-22 18:36:57
5109401,7400,ML,2.8,WEST VIRGINIA,2014-12-20 20:48:02
5110313,12900,ML,2.5,PENNSYLVANIA,2014-11-10 20:59:25
5110375,9500,ML,2.3,WEST VIRGINIA,2014-11-14 20:53:10
5110460,11100,ML,2.1,PENNSYLVANIA,2014-11-25 16:26:59
5110483,3100,ML,2.1,PENNSYLVANIA,2014-11-28 16:14:11
5109389,17000,ML,2.2,NEW YORK,2014-12-16 17:58:29
5111627,18900,ML,2.2,NEW YORK,2015-01-02 18:08:29